"","INDEX_CAL","SEXE","date1","Year","mois","saisonyear","Id","geometry"
"2063",0.9375,"XY",2023-11-02,2023,11,2024,"S83-015",c(903313, 6241719)
"2066",0.895833313,"XY",2023-11-06,2023,11,2024,"S87-103",c(1000868, 6340698)
"2067",0.854166687,"XY",2023-11-07,2023,11,2024,"S78-030",c(965570, 6398586)
"2068",1,"XX",2023-11-08,2023,11,2024,"S81-125",c(929115, 6374300)
"2069",0.755208313,"XY",2023-11-08,2023,11,2024,"S74-001",c(931788, 6372165)
"2070",0.859375,"XY",2023-11-08,2023,11,2024,"S74-001",c(929329, 6374145)
"2072",0.994791687,"XX",2023-11-09,2023,11,2024,"S86-106",c(949294, 6414568)
"2076",1,"XX",2023-11-12,2023,11,2024,"S74-007",c(1042286, 6344598)
"2077",0.604166687,"XY",2023-11-12,2023,11,2024,"S65-35",c(947895, 6411341)
"2079",0.723958313,"XY",2023-11-13,2023,11,2024,"S86-035",c(923891, 6398948)
"2080",0.864583313,"XY",2023-11-13,2023,11,2024,"S73-070",c(940956, 6428470)
"2081",0.864583313,"XY",2023-11-14,2023,11,2024,"S86-037",c(909743, 6370263)
"2082",1,"XX",2023-11-14,2023,11,2024,"S74-014",c(907779, 6347730)
"2083",0.921875,"XX",2023-11-14,2023,11,2024,"S86-110",c(907598, 6347778)
"2088",1,"XY",2023-11-17,2023,11,2024,"S65-35",c(946316, 6411722)
"2089",0.802083313,"XX",2023-11-17,2023,11,2024,"S83-044",c(907835, 6375600)
"2090",0.958333313,"XX",2023-11-17,2023,11,2024,"S83-044",c(907835, 6375600)
"2092",0.973958313,"XX",2023-11-17,2023,11,2024,"S78-001",c(912143, 6275679)
"2095",0.911458313,"XX",2023-11-20,2023,11,2024,"S80-061",c(874531, 6381021)
"2096",0.989583313,"XX",2023-11-21,2023,11,2024,"S81-136",c(934882, 6429576)
"2097",0.744791687,"XY",2023-11-21,2023,11,2024,"S83-024",c(887034, 6302614)
"2098",1,"XX",2023-11-21,2023,11,2024,"S77-049",c(765709, 6369000)
"2099",0.682291687,"XX",2023-11-22,2023,11,2024,"S86-002",c(989338, 6478092)
"2100",0.895833313,"XY",2023-11-22,2023,11,2024,"S86-073",c(957022, 6319857)
"2101",0.770833313,"XY",2023-11-22,2023,11,2024,"S81-113",c(957147, 6319937)
"2102",0.536458313,"XY",2023-11-22,2023,11,2024,"S78-030",c(969980, 6392923)
"2103",0.520833313,"XY",2023-11-22,2023,11,2024,"S86-133",c(989338, 6478092)
"2104",0.541666687,"XY",2023-11-22,2023,11,2024,"S86-057",c(923885, 6391729)
"2105",0.677083313,"XX",2023-11-23,2023,11,2024,"S77-027",c(914714, 6357807)
"2107",0.989583313,"XY",2023-11-23,2023,11,2024,"S86-042",c(907325, 6348577)
"2108",1,"XY",2023-11-23,2023,11,2024,"S86-118",c(933053, 6423719)
"2109",1,"XY",2023-11-23,2023,11,2024,"S84-018",c(954094, 6390703)
"2110",1,"XX",2023-11-24,2023,11,2024,"S83-017",c(896914, 6238485)
"2112",1,"XX",2023-11-24,2023,11,2024,"S87-110",c(1003413, 6351099)
"2113",0.796875,"XX",2023-11-24,2023,11,2024,"S78-002",c(906710, 6275357)
"2114",1,"XX",2023-11-24,2023,11,2024,"S86-075",c(906710, 6275357)
"2115",1,"XX",2023-11-24,2023,11,2024,"S84-032",c(954586, 6495010)
"2116",0.6875,"XX",2023-11-25,2023,11,2024,"S86-107",c(946316, 6411722)
"2118",1,"XY",2023-11-26,2023,11,2024,"S83-024",c(871667, 6302500)
"2120",0.598958313,"XX",2023-11-27,2023,11,2024,"S65-13",c(959771, 6367348)
"2121",0.828125,"XY",2023-11-27,2023,11,2024,"S80-052",c(940809, 6625207)
"2122",0.989583313,"XX",2023-11-27,2023,11,2024,"S86-017",c(958258, 6367779)
"2124",0.958333313,"XX",2023-11-27,2023,11,2024,"S86-017",c(958232, 6367829)
"2126",1,"XY",2023-11-29,2023,11,2024,"S86-195",c(936878, 6592823)
"2127",0.927083313,"XX",2023-11-30,2023,11,2024,"S77-028",c(907766, 6356043)
"2128",0.552083313,"XY",2023-11-30,2023,11,2024,"S86-038",c(845723, 6377437)
"2129",0.770833313,"XY",2023-11-30,2023,11,2024,"S86-037",c(904860, 6360725)
"2131",0.729166687,"XX",2023-12-01,2023,12,2024,"S78-002",c(903263, 6273281)
"2132",1,"XY",2023-12-01,2023,12,2024,"S84-015",c(953490, 6328473)
"2133",0.921875,"XX",2023-12-01,2023,12,2024,"S83-017",c(909408, 6236448)
"2134",0.765625,"XX",2023-12-01,2023,12,2024,"S75-039",c(953260, 6327962)
"2135",1,"XX",2023-12-03,2023,12,2024,"S86-004",c(974438, 6421872)
"2136",1,"XY",2023-12-03,2023,12,2024,"S86-197",c(605277, 6285060)
"2137",0.760416687,"XX",2023-12-03,2023,12,2024,"S79-112",c(1072241, 6334981)
"2138",1,"XX",2023-12-03,2023,12,2024,"S86-004",c(974438, 6421872)
"2139",0.979166687,"XX",2023-12-04,2023,12,2024,"S86-086",c(943943, 6305657)
"2140",0.947916687,"XX",2023-12-04,2023,12,2024,"S80-032",c(943579, 6305171)
"2141",0.869791687,"XX",2023-12-04,2023,12,2024,"S80-032",c(932537, 6306372)
"2142",0.901041687,"XX",2023-12-05,2023,12,2024,"S80-013",c(939324, 6427089)
"2143",1,"XY",2023-12-05,2023,12,2024,"S86-093",c(890056, 6444638)
"2144",0.640625,"XX",2023-12-05,2023,12,2024,"S77-067",c(962893, 6266732)
"2145",0.90625,"XX",2023-12-06,2023,12,2024,"S88-011",c(906640, 6378078)
"2146",1,"XX",2023-12-06,2023,12,2024,"S88-011",c(906640, 6378078)
"2147",1,"XX",2023-12-06,2023,12,2024,"S88-085",c(906640, 6378078)
"2149",0.958333313,"XX",2023-12-06,2023,12,2024,"S88-070",c(1001874, 6391248)
"2150",1,"XY",2023-12-07,2023,12,2024,"S85-021",c(938725, 6353723)
"2151",1,"XX",2023-12-07,2023,12,2024,"S86-051",c(1020985, 6351414)
"2152",0.979166687,"XY",2023-12-07,2023,12,2024,"S86-045",c(1021133, 6351369)
"2153",0.713541687,"XY",2023-12-07,2023,12,2024,"S86-029",c(942221, 6321203)
"2156",0.989583313,"XY",2023-12-08,2023,12,2024,"S86-014",c(820087, 6633009)
"2157",1,"XY",2023-12-09,2023,12,2024,"S65-35",c(948545, 6411889)
"2158",0.765625,"XY",2023-12-09,2023,12,2024,"S86-034",c(954991, 6501826)
"2159",0.828125,"XY",2023-12-09,2023,12,2024,"S65-35",c(947778, 6411135)
"2161",0.59375,"XX",2023-12-10,2023,12,2024,"S86-019",c(943743, 6348846)
"2162",0.828125,"XX",2023-12-11,2023,12,2024,"S86-019",c(938173, 6353275)
"2163",0.96875,"XX",2023-12-11,2023,12,2024,"S86-066",c(912124, 6278447)
"2164",0.817708313,"XY",2023-12-11,2023,12,2024,"S86-130",c(976397, 6461926)
"2166",0.890625,"XX",2023-12-12,2023,12,2024,"S74-093",c(963145, 6266791)
"2167",1,"XY",2023-12-12,2023,12,2024,"S86-082",c(944259, 6347697)
"2168",0.9375,"XX",2023-12-12,2023,12,2024,"S86-040",c(958757, 6329118)
"2170",0.942708313,"XX",2023-12-12,2023,12,2024,"S86-087",c(943963, 6348951)
"2171",0.901041687,"XY",2023-12-12,2023,12,2024,"S86-083",c(944469, 6345405)
"2172",0.802083313,"XY",2023-12-12,2023,12,2024,"S85-021",c(940340, 6344075)
"2173",0.682291687,"XX",2023-12-12,2023,12,2024,"S80-013",c(938888, 6426569)
"2174",0.682291687,"XY",2023-12-13,2023,12,2024,"S86-021",c(903595, 6358959)
"2175",1,"XX",2023-12-13,2023,12,2024,"S81-129",c(960896, 6638211)
"2176",0.848958313,"XY",2023-12-13,2023,12,2024,"S86-021",c(903595, 6358959)
"2178",0.994791687,"XX",2023-12-13,2023,12,2024,"S77-028",c(899678, 6359993)
"2179",1,"XX",2023-12-13,2023,12,2024,"S77-028",c(903146, 6357519)
"2180",0.979166687,"XY",2023-12-13,2023,12,2024,"S86-021",c(903146, 6357519)
"2181",0.859375,"XY",2023-12-13,2023,12,2024,"S79-027",c(914929, 6380173)
"2183",1,"XY",2023-12-15,2023,12,2024,"S86-022",c(950842, 6468029)
"2185",0.515625,"XY",2023-12-15,2023,12,2024,"S86-022",c(950835, 6468039)
"2191",0.510416687,"NI",2023-12-16,2023,12,2024,"S86-090",c(917915, 6334807)
"2192",0.9375,"XY",2023-12-17,2023,12,2024,"S65-35",c(948447, 6411837)
"2194",0.958333313,"XY",2023-12-18,2023,12,2024,"S87-119",c(974976, 6393506)
"2195",1,"XX",2023-12-18,2023,12,2024,"S81-136",c(946364, 6425024)
"2197",0.979166687,"XX",2023-12-18,2023,12,2024,"S83-029",c(988473, 6349214)
"2198",0.96875,"XY",2023-12-18,2023,12,2024,"S65-23",c(974648, 6321315)
"2199",1,"XY",2023-12-19,2023,12,2024,"S86-081",c(902727, 6241615)
"2201",0.869791687,"XY",2023-12-19,2023,12,2024,"S86-138",c(919948, 6250605)
"2202",1,"XY",2023-12-19,2023,12,2024,"S84-005",c(955852, 6442860)
"2204",0.958333313,"XX",2023-12-19,2023,12,2024,"S87-120",c(982658, 6405422)
"2205",0.979166687,"XY",2023-12-19,2023,12,2024,"S86-085",c(977931, 6437302)
"2207",1,"XY",2023-12-20,2023,12,2024,"S84-005",c(950377, 6442662)
"2208",1,"XX",2023-12-20,2023,12,2024,"S86-047",c(969178, 6380523)
"2209",0.895833313,"XX",2023-12-20,2023,12,2024,"S86-032",c(949098, 6442812)
"2210",0.807291687,"XY",2023-12-20,2023,12,2024,"S73-070",c(939740, 6427330)
"2211",1,"XX",2023-12-20,2023,12,2024,"S86-032",c(949684, 6442715)
"2212",1,"XX",2023-12-20,2023,12,2024,"S88-052",c(1000496, 6357213)
"2213",0.583333313,"XY",2023-12-20,2023,12,2024,"S89-009",c(1070485, 6334243)
"2214",0.989583313,"XX",2023-12-20,2023,12,2024,"S78-043",c(948931, 6442846)
"2215",0.958333313,"XX",2023-12-20,2023,12,2024,"S86-120",c(949003, 6442829)
"2216",1,"XX",2023-12-20,2023,12,2024,"S86-053",c(1026946, 6347423)
"2217",1,"XX",2023-12-20,2023,12,2024,"S65-32",c(976910, 6399308)
"2218",1,"XY",2023-12-20,2023,12,2024,"S73-070",c(939417, 6427112)
"2220",0.885416687,"XY",2023-12-21,2023,12,2024,"S87-048",c(1062981, 6333563)
"2222",1,"XY",2023-12-21,2023,12,2024,"S87-097",c(1051761, 6342842)
"2223",0.703125,"XY",2023-12-21,2023,12,2024,"S86-031",c(909214, 6347586)
"2225",1,"XY",2023-12-21,2023,12,2024,"S84-005",c(961477, 6444097)
"2226",0.541666687,"NI",2023-12-21,2023,12,2024,"S86-112",c(909214, 6347586)
"2227",0.864583313,"XY",2023-12-21,2023,12,2024,"S86-026",c(909214, 6347586)
"2228",0.838541687,"XY",2023-12-21,2023,12,2024,"S86-031",c(909214, 6347586)
"2229",1,"XX",2023-12-22,2023,12,2024,"S66-09",c(1062729, 6346352)
"2230",0.557291687,"XX",2023-12-22,2023,12,2024,"S82-029",c(940209, 6366305)
"2231",0.744791687,"XY",2023-12-22,2023,12,2024,"S87-042",c(1008634, 6346327)
"2233",1,"XY",2023-12-22,2023,12,2024,"S58-61",c(914589, 6420228)
"2234",0.541666687,"XX",2023-12-22,2023,12,2024,"S86-129",c(998702, 6469138)
"2236",0.994791687,"XY",2023-12-23,2023,12,2024,"S86-091",c(986160, 6319512)
"2238",0.75,"XX",2023-12-24,2023,12,2024,"S86-002",c(989933, 6479687)
"2239",1,"XX",2023-12-24,2023,12,2024,"S83-029",c(993065, 6351699)
"2241",1,"XY",2023-12-25,2023,12,2024,"S86-070",c(975653, 6488406)
"2242",1,"XX",2023-12-25,2023,12,2024,"S86-067",c(975711, 6488048)
"2244",0.875,"XX",2023-12-27,2023,12,2024,"S74-024",c(998553, 6361409)
"2245",0.911458313,"XY",2023-12-27,2023,12,2024,"S88-030",c(975859, 6249885)
"2246",0.984375,"XY",2023-12-27,2023,12,2024,"S86-069",c(920022, 6374562)
"2247",0.84375,"XY",2023-12-27,2023,12,2024,"S86-131",c(1004399, 6500446)
"2248",0.994791687,"XY",2023-12-27,2023,12,2024,"S86-029",c(938987, 6327213)
"2249",0.692708313,"XY",2023-12-28,2023,12,2024,"S86-079",c(919347, 6392958)
"2250",1,"XY",2023-12-28,2023,12,2024,"S86-132",c(990763, 6516358)
"2251",0.973958313,"XX",2023-12-28,2023,12,2024,"S86-096",c(959724, 6327652)
"2252",0.838541687,"XY",2023-12-28,2023,12,2024,"S87-038",c(1066995, 6346528)
"2253",1,"XY",2023-12-28,2023,12,2024,"S74-011",c(977430, 6399057)
"2254",0.552083313,"XY",2023-12-28,2023,12,2024,"S86-009",c(935139, 6593506)
"2255",0.71875,"XY",2023-12-28,2023,12,2024,"S86-023",c(936359, 6592452)
"2256",0.713541687,"XX",2023-12-28,2023,12,2024,"S86-117",c(897318, 6435218)
"2257",0.984375,"XX",2023-12-28,2023,12,2024,"S88-046",c(965303, 6398299)
"2259",1,"XY",2023-12-29,2023,12,2024,"S87-021",c(764942, 6363631)
"2261",0.973958313,"XX",2023-12-29,2023,12,2024,"S67-45",c(968706, 6462870)
"2262",0.958333313,"XX",2023-12-29,2023,12,2024,"S81-011",c(765056, 6363602)
"2264",0.859375,"XY",2023-12-29,2023,12,2024,"S86-200",c(980360, 6486083)
"2265",0.963541687,"XY",2023-12-29,2023,12,2024,"S88-104",c(993402, 6543051)
"2266",0.692708313,"XX",2023-12-29,2023,12,2024,"S75-055",c(902254, 6413563)
"2267",0.625,"XY",2023-12-29,2023,12,2024,"S86-024",c(948727, 6330246)
"2268",0.791666687,"XX",2023-12-29,2023,12,2024,"S72-022",c(960171, 6332534)
"2270",0.921875,"XX",2023-12-29,2023,12,2024,"S86-062",c(994171, 6357095)
"2271",0.989583313,"XY",2023-12-29,2023,12,2024,"S88-056",c(993954, 6541923)
"2272",1,"XX",2023-12-30,2023,12,2024,"S86-062",c(985426, 6351588)
"2273",1,"XY",2023-12-30,2023,12,2024,"S86-023",c(933070, 6589934)
"2274",0.911458313,"XX",2023-12-30,2023,12,2024,"S83-029",c(994803, 6356957)
"2275",0.947916687,"XX",2023-12-30,2023,12,2024,"S55-17",c(893955, 6417592)
"2276",0.833333313,"XY",2023-12-31,2023,12,2024,"S84-005",c(962134, 6443552)
"2277",0.703125,"XY",2024-01-01,2024,1,2024,"S73-026",c(1002412, 6350658)
"2278",0.640625,"XY",2024-01-01,2024,1,2024,"S86-023",c(936899, 6590851)
"2279",0.828125,"XY",2024-01-02,2024,1,2024,"S81-140",c(605700, 6158731)
"2280",0.90625,"XY",2024-01-02,2024,1,2024,"S58-61",c(914981, 6417043)
"2281",0.979166687,"XY",2024-01-02,2024,1,2024,"S87-030",c(890326, 6342549)
"2282",1,"XY",2024-01-02,2024,1,2024,"S88-071",c(920690, 6312637)
"2283",0.588541687,"XX",2024-01-03,2024,1,2024,"S86-127",c(929235, 6603065)
"2284",0.890625,"XY",2024-01-03,2024,1,2024,"S83-080",c(641000, 6177815)
"2285",1,"XY",2024-01-03,2024,1,2024,"S86-084",c(970517, 6510152)
"2286",0.8125,"XY",2024-01-03,2024,1,2024,"S86-024",c(945120, 6331338)
"2287",0.583333313,"XY",2024-01-04,2024,1,2024,"S86-097",c(963691, 6323049)
"2288",0.729166687,"XX",2024-01-04,2024,1,2024,"S61-30",c(962648, 6325943)
"2289",1,"XX",2024-01-04,2024,1,2024,"S78-043",c(951744, 6442589)
"2290",1,"XY",2024-01-04,2024,1,2024,"S84-005",c(951896, 6442605)
"2291",0.734375,"XX",2024-01-04,2024,1,2024,"S86-040",c(962713, 6326191)
"2292",0.958333313,"XX",2024-01-04,2024,1,2024,"S86-099",c(962392, 6326416)
"2293",1,"XX",2024-01-04,2024,1,2024,"S83-007",c(1008126, 6336730)
"2294",0.994791687,"XX",2024-01-04,2024,1,2024,"S61-30",c(962751, 6326166)
"2295",1,"XY",2024-01-04,2024,1,2024,"S86-014",c(822198, 6627636)
"2296",0.958333313,"XY",2024-01-04,2024,1,2024,"S86-098",c(963681, 6323042)
"2297",0.989583313,"XY",2024-01-04,2024,1,2024,"S87-118",c(938670, 6589352)
"2298",1,"XY",2024-01-06,2024,1,2024,"S86-128",c(762443, 6369110)
"2300",1,"XY",2024-01-08,2024,1,2024,"S86-058",c(979332, 6308950)
"2301",1,"XY",2024-01-08,2024,1,2024,"S87-044",c(997349, 6372881)
"2302",1,"XY",2024-01-08,2024,1,2024,"S87-044",c(997190, 6373268)
"2303",0.869791687,"XY",2024-01-08,2024,1,2024,"S86-080",c(982887, 6408303)
"2304",0.932291687,"XX",2024-01-08,2024,1,2024,"S82-123",c(1065602, 6328700)
"2305",0.5625,"XX",2024-01-08,2024,1,2024,"S86-054",c(980601, 6309677)
"2306",0.708333313,"XX",2024-01-08,2024,1,2024,"S74-006",c(1017568, 6353410)
"2307",0.619791687,"XY",2024-01-08,2024,1,2024,"S86-024",c(945728, 6330964)
"2308",0.78125,"XY",2024-01-09,2024,1,2024,"S71-044",c(931440, 6613816)
"2309",0.989583313,"XX",2024-01-09,2024,1,2024,"S86-056",c(963553, 6237360)
"2310",0.541666687,"XX",2024-01-09,2024,1,2024,"S82-062",c(962036, 6237557)
"2312",0.96875,"XX",2024-01-09,2024,1,2024,"S78-081",c(926715, 6393678)
"2313",1,"XY",2024-01-09,2024,1,2024,"S78-075",c(1027029, 6347168)
"2314",0.875,"XY",2024-01-09,2024,1,2024,"S86-125",c(931730, 6613375)
"2315",0.760416687,"XY",2024-01-09,2024,1,2024,"S71-044",c(931959, 6613187)
"2316",0.989583313,"XX",2024-01-09,2024,1,2024,"S86-124",c(932117, 6613092)
"2317",1,"XY",2024-01-09,2024,1,2024,"S87-122",c(752678, 6402095)
"2318",0.619791687,"XY",2024-01-09,2024,1,2024,"S71-044",c(931714, 6613576)
"2319",0.817708313,"XY",2024-01-09,2024,1,2024,"S86-199",c(927380, 6445584)
"2320",1,"XX",2024-01-09,2024,1,2024,"S86-126",c(933303, 6613364)
"2321",0.671875,"XX",2024-01-10,2024,1,2024,"S86-059",c(1020909, 6313099)
"2322",0.708333313,"XX",2024-01-10,2024,1,2024,"S55-17",c(891510, 6422244)
"2323",0.947916687,"XX",2024-01-10,2024,1,2024,"S79-060",c(971128, 6239992)
"2324",0.671875,"XX",2024-01-10,2024,1,2024,"S79-060",c(970490, 6239049)
"2325",1,"XY",2024-01-10,2024,1,2024,"S86-055",c(970464, 6239063)
"2326",0.833333313,"XY",2024-01-11,2024,1,2024,"S86-050",c(1030027, 6345327)
"2327",0.921875,"XX",2024-01-11,2024,1,2024,"S86-049",c(1028056, 6345738)
"2329",0.619791687,"XY",2024-01-11,2024,1,2024,"S87-045",c(1045306, 6341674)
"2330",0.880208313,"XY",2024-01-11,2024,1,2024,"S73-070",c(940294, 6421691)
"2331",0.677083313,"XY",2024-01-11,2024,1,2024,"S79-002",c(988935, 6366319)
"2332",0.567708313,"XY",2024-01-11,2024,1,2024,"S86-009",c(935125, 6593021)
"2333",0.911458313,"XY",2024-01-11,2024,1,2024,"S86-027",c(893887, 6365950)
"2334",0.838541687,"XY",2024-01-11,2024,1,2024,"S86-027",c(893887, 6365950)
"2335",0.796875,"XY",2024-01-11,2024,1,2024,"S86-027",c(893887, 6365950)
"2336",0.9375,"XY",2024-01-11,2024,1,2024,"S79-003",c(999459, 6381965)
"2338",0.833333313,"XX",2024-01-11,2024,1,2024,"S86-114",c(894262, 6424296)
"2339",0.786458313,"XX",2024-01-11,2024,1,2024,"S56-48",c(974541, 6325707)
"2340",0.875,"XY",2024-01-11,2024,1,2024,"S86-113",c(893887, 6365950)
"2342",0.890625,"XX",2024-01-11,2024,1,2024,"S82-109",c(989990, 6367520)
"2343",0.65625,"XY",2024-01-12,2024,1,2024,"S82-065",c(973335, 6241161)
"2344",0.578125,"XY",2024-01-12,2024,1,2024,"S86-198",c(997748, 6411419)
"2345",0.927083313,"XY",2024-01-12,2024,1,2024,"S59-06",c(901560, 6420553)
"2346",0.942708313,"XX",2024-01-12,2024,1,2024,"S75-031",c(951400, 6377056)
"2347",0.505208313,"XX",2024-01-12,2024,1,2024,"S86-108",c(992069, 6432417)
"2348",1,"XY",2024-01-12,2024,1,2024,"S86-015",c(934381, 6451309)
"2349",0.947916687,"XX",2024-01-12,2024,1,2024,"S70-007",c(976898, 6242101)
"2350",1,"XX",2024-01-12,2024,1,2024,"S86-089",c(946089, 6483843)
"2351",0.953125,"XX",2024-01-12,2024,1,2024,"S79-060",c(979396, 6248431)
"2352",1,"XX",2024-01-12,2024,1,2024,"S86-046",c(1025033, 6353726)
"2353",1,"XY",2024-01-12,2024,1,2024,"S86-044",c(1025268, 6353394)
"2354",0.84375,"XX",2024-01-12,2024,1,2024,"S85-098",c(1017029, 6354314)
"2355",0.651041687,"XY",2024-01-12,2024,1,2024,"S80-015",c(753418, 6404057)
"2356",1,"XY",2024-01-12,2024,1,2024,"S86-015",c(934381, 6451309)
"2357",1,"XX",2024-01-13,2024,1,2024,"S82-021",c(968186, 6314554)
"2358",1,"XY",2024-01-13,2024,1,2024,"S87-037",c(999321, 6349835)
"2359",0.989583313,"XY",2024-01-13,2024,1,2024,"S86-052",c(922285, 6341010)
"2360",0.53125,"XX",2024-01-14,2024,1,2024,"S82-025",c(938365, 6316103)
"2361",1,"XX",2024-01-14,2024,1,2024,"S82-025",c(939457, 6316672)
"2362",0.927083313,"XX",2024-01-14,2024,1,2024,"S86-100",c(938914, 6316301)
"2363",0.708333313,"XX",2024-01-15,2024,1,2024,"S83-044",c(906833, 6376503)
"2365",0.973958313,"XY",2024-01-15,2024,1,2024,"S82-032",c(907449, 6376460)
"2367",0.994791687,"XX",2024-01-15,2024,1,2024,"S88-047",c(1056697, 6307104)
"2368",0.99000001,"XY",2024-01-15,2024,1,2024,"S75-071",c(989285, 6527528)
"2369",0.979166687,"XY",2024-01-15,2024,1,2024,"S69-68",c(991890, 6349620)
"2370",0.927083313,"XX",2024-01-15,2024,1,2024,"S86-078",c(906427, 6374413)
"2371",0.515625,"XX",2024-01-15,2024,1,2024,"S86-064",c(967561, 6340020)
"2372",0.875,"XY",2024-01-15,2024,1,2024,"S82-114",c(1010967, 6365109)
"2373",0.895833313,"XX",2024-01-15,2024,1,2024,"S64-38",c(943618, 6480446)
"2375",1,"XY",2024-01-16,2024,1,2024,"S86-006",c(944678, 6480311)
"2376",0.989583313,"XY",2024-01-16,2024,1,2024,"S86-060",c(889058, 6330084)
"2377",1,"XY",2024-01-16,2024,1,2024,"S86-023",c(938695, 6588134)
"2378",0.78125,"XX",2024-01-16,2024,1,2024,"S86-033",c(741480, 6337806)
"2379",0.8125,"XY",2024-01-16,2024,1,2024,"S65-35",c(950501, 6408655)
"2380",0.958333313,"XY",2024-01-16,2024,1,2024,"S86-092",c(944655, 6480279)
"2381",0.510416687,"XX",2024-01-16,2024,1,2024,"S86-071",c(924214, 6286550)
"2382",1,"XX",2024-01-16,2024,1,2024,"S86-051",c(1008854, 6355945)
"2384",0.666666687,"NI",2024-01-16,2024,1,2024,"S86-076",c(1005900, 6301366)
"2385",1,"XX",2024-01-16,2024,1,2024,"S86-072",c(1001885, 6303844)
"2386",0.828125,"XY",2024-01-16,2024,1,2024,"S86-006",c(944332, 6480327)
"2387",0.90625,"XY",2024-01-16,2024,1,2024,"S86-088",c(944375, 6480181)
"2388",1,"XX",2024-01-16,2024,1,2024,"S86-123",c(923750, 6479170)
"2389",0.848958313,"XY",2024-01-16,2024,1,2024,"S87-081",c(922892, 6418725)
"2390",0.859375,"XY",2024-01-16,2024,1,2024,"S87-007",c(923143, 6416926)
"2391",0.9375,"XY",2024-01-16,2024,1,2024,"S87-008",c(922892, 6418725)
"2392",0.609375,"XY",2024-01-16,2024,1,2024,"S85-007",c(741480, 6337806)
"2393",0.973958313,"XX",2024-01-16,2024,1,2024,"S86-033",c(741432, 6337830)
"2394",0.932291687,"XX",2024-01-16,2024,1,2024,"S55-24",c(924914, 6290412)
"2395",0.875,"XY",2024-01-17,2024,1,2024,"S86-122",c(938330, 6455000)
"2397",0.817708313,"XY",2024-01-17,2024,1,2024,"S80-056",c(943770, 6291149)
"2398",1,"XY",2024-01-17,2024,1,2024,"S86-065",c(863806, 6412788)
"2399",0.598958313,"XX",2024-01-17,2024,1,2024,"S86-077",c(869709, 6415988)
"2400",0.697916687,"XY",2024-01-17,2024,1,2024,"S84-004",c(886260, 6403269)
"2401",0.911458313,"XY",2024-01-17,2024,1,2024,"S86-068",c(945337, 6343538)
"2402",0.96875,"XY",2024-01-17,2024,1,2024,"S86-034",c(965870, 6505215)
"2403",0.635416687,"XY",2024-01-17,2024,1,2024,"S86-132",c(990778, 6508954)
"2404",0.96875,"XX",2024-01-17,2024,1,2024,"S86-121",c(933279, 6433313)
"2405",0.78125,"XX",2024-01-17,2024,1,2024,"S75-059",c(886260, 6403269)
"2406",0.939999998,"XY",2024-01-18,2024,1,2024,"S88-040",c(936857, 6441103)
"2407",1,"XX",2024-01-18,2024,1,2024,"S86-039",c(921272, 6287324)
"2408",0.822916687,"XY",2024-01-18,2024,1,2024,"S87-049",c(1060309, 6330991)
"2409",0.677083313,"XX",2024-01-18,2024,1,2024,"S86-033",c(741484, 6337821)
"2410",0.833333313,"XX",2024-01-18,2024,1,2024,"S79-112",c(1071575, 6339905)
"2411",0.885416687,"XX",2024-01-18,2024,1,2024,"S87-050",c(1074028, 6337977)
"2412",1,"XX",2024-01-18,2024,1,2024,"S87-001",c(1013440, 6341417)
"2414",1,"XY",2024-01-18,2024,1,2024,"S86-020",c(1005432, 6298374)
"2415",0.839999974,"XX",2024-01-18,2024,1,2024,"S81-136",c(937739, 6441074)
"2416",0.828125,"XX",2024-01-18,2024,1,2024,"S86-039",c(920889, 6287874)
"2418",0.708333313,"NI",2024-01-18,2024,1,2024,"S86-061",c(920919, 6287890)
"2419",0.744791687,"XY",2024-01-18,2024,1,2024,"S86-001",c(879611, 6323805)
"2420",0.854166687,"XY",2024-01-18,2024,1,2024,"S86-001",c(878407, 6322989)
"2421",0.84375,"XY",2024-01-18,2024,1,2024,"S86-001",c(878407, 6322989)
"2422",0.541666687,"XX",2024-01-18,2024,1,2024,"S81-136",c(937032, 6441191)
"2423",1,"XX",2024-01-18,2024,1,2024,"S86-063",c(921331, 6286941)
"2424",0.930000007,"XX",2024-01-18,2024,1,2024,"S81-136",c(937517, 6440790)
"2425",1,"XX",2024-01-18,2024,1,2024,"S86-005",c(920578, 6302298)
"2427",1,"XX",2024-01-18,2024,1,2024,"S86-005",c(919323, 6299981)
"2428",0.96875,"XY",2024-01-18,2024,1,2024,"S83-023",c(919807, 6299189)
"2429",1,"XY",2024-01-18,2024,1,2024,"S86-102",c(920538, 6301229)
"2430",0.994791687,"XY",2024-01-18,2024,1,2024,"S86-101",c(921131, 6302268)
"2431",0.859375,"XY",2024-01-18,2024,1,2024,"S85-010",c(959715, 6327654)
"2432",0.989583313,"XX",2024-01-18,2024,1,2024,"S85-016",c(991240, 6324728)
"2434",1,"XX",2024-01-18,2024,1,2024,"S86-005",c(920763, 6300942)
"2436",0.932291687,"XY",2024-01-19,2024,1,2024,"S77-032",c(889382, 6412051)
"2437",1,"XX",2024-01-19,2024,1,2024,"S73-025",c(1002343, 6341199)
"2438",1,"XY",2024-01-19,2024,1,2024,"S77-032",c(889671, 6411805)
"2439",0.96875,"XY",2024-01-19,2024,1,2024,"S86-038",c(844451, 6379714)
"2440",0.729166687,"XX",2024-01-21,2024,1,2024,"S87-123",c(765838, 6363472)
"2441",0.625,"XX",2024-01-21,2024,1,2024,"S88-031",c(950688, 6375629)
"2442",0.833333313,"XY",2024-01-21,2024,1,2024,"S86-103",c(951581, 6363476)
"2443",0.807291687,"XY",2024-01-21,2024,1,2024,"S87-048",c(1058607, 6332794)
"2444",0.994791687,"XX",2024-01-21,2024,1,2024,"S78-082",c(1032177, 6340191)
"2445",0.9375,"XX",2024-01-21,2024,1,2024,"S63-35",c(1036873, 6347061)
"2446",0.979166687,"XX",2024-01-22,2024,1,2024,"S87-001",c(1011578, 6342801)
"2448",1,"XX",2024-01-22,2024,1,2024,"S81-116",c(1015928, 6413798)
"2449",1,"XX",2024-01-22,2024,1,2024,"S87-111",c(1016105, 6413549)
"2450",1,"XY",2024-01-22,2024,1,2024,"S82-114",c(1011757, 6364147)
"2451",0.614583313,"XY",2024-01-22,2024,1,2024,"S79-003",c(1003238, 6382946)
"2452",0.625,"XX",2024-01-22,2024,1,2024,"S87-026",c(880886, 6302429)
"2454",0.850000024,"XX",2024-01-22,2024,1,2024,"S88-025",c(875622, 6303045)
"2455",1,"XX",2024-01-22,2024,1,2024,"S80-085",c(896954, 6305221)
"2456",0.703125,"XY",2024-01-22,2024,1,2024,"S74-098",c(898027, 6305359)
"2457",1,"XX",2024-01-22,2024,1,2024,"S86-048",c(901299, 6305525)
"2458",0.65625,"XX",2024-01-22,2024,1,2024,"S86-017",c(954770, 6366388)
"2459",0.614583313,"XX",2024-01-22,2024,1,2024,"S86-017",c(954778, 6366390)
"2460",0.947916687,"XY",2024-01-22,2024,1,2024,"S79-003",c(1003768, 6382793)
"2461",1,"XY",2024-01-22,2024,1,2024,"S87-114",c(1016425, 6411992)
"2462",0.994791687,"XX",2024-01-23,2024,1,2024,"S64-38",c(945422, 6479347)
"2463",0.78125,"XX",2024-01-23,2024,1,2024,"S75-031",c(943292, 6372746)
"2464",0.973958313,"XY",2024-01-23,2024,1,2024,"S87-078",c(921482, 6418747)
"2465",0.973958313,"XY",2024-01-23,2024,1,2024,"S87-008",c(921482, 6418747)
"2466",1,"XX",2024-01-23,2024,1,2024,"S81-136",c(933227, 6443991)
"2467",1,"XY",2024-01-23,2024,1,2024,"S87-005",c(945465, 6372421)
"2468",0.942708313,"XX",2024-01-23,2024,1,2024,"S87-058",c(945367, 6373031)
"2469",0.989583313,"XY",2024-01-23,2024,1,2024,"S70-113",c(969935, 6461534)
"2470",0.729166687,"XY",2024-01-23,2024,1,2024,"S86-130",c(970340, 6460451)
"2471",0.989583313,"XY",2024-01-23,2024,1,2024,"S87-005",c(947725, 6374002)
"2473",0.970000029,"XX",2024-01-23,2024,1,2024,"S88-002",c(927677, 6433736)
"2474",0.9375,"XX",2024-01-24,2024,1,2024,"S88-005",c(960139, 6412405)
"2475",1,"XX",2024-01-24,2024,1,2024,"S87-075",c(977807, 6528550)
"2476",0.770833313,"XY",2024-01-24,2024,1,2024,"S86-043",c(932746, 6386817)
"2477",1,"XY",2024-01-24,2024,1,2024,"S89-005",c(990471, 6352573)
"2478",0.921875,"XX",2024-01-24,2024,1,2024,"S86-062",c(990546, 6352410)
"2479",0.880208313,"XY",2024-01-24,2024,1,2024,"S65-23",c(974112, 6326761)
"2480",0.889999986,"XY",2024-01-24,2024,1,2024,"S86-201",c(990239, 6535028)
"2481",0.557291687,"XX",2024-01-24,2024,1,2024,"S87-012",c(990977, 6535963)
"2482",0.864583313,"XX",2024-01-24,2024,1,2024,"S89-018",c(978670, 6312102)
"2483",0.807291687,"XX",2024-01-24,2024,1,2024,"S86-054",c(978640, 6312182)
"2484",0.708333313,"XY",2024-01-24,2024,1,2024,"S86-201",c(990977, 6535963)
"2485",0.822916687,"XX",2024-01-24,2024,1,2024,"S87-095",c(978212, 6312788)
"2486",1,"XY",2024-01-24,2024,1,2024,"S85-025",c(932746, 6386817)
"2487",0.989583313,"XY",2024-01-24,2024,1,2024,"S88-093",c(947550, 6444882)
"2488",0.84375,"XY",2024-01-24,2024,1,2024,"S87-019",c(895706, 6455385)
"2489",1,"XX",2024-01-24,2024,1,2024,"S78-037",c(906547, 6393824)
"2490",0.744791687,"XX",2024-01-24,2024,1,2024,"S86-041",c(863804, 6412783)
"2491",0.916666687,"XX",2024-01-24,2024,1,2024,"S86-041",c(863268, 6410563)
"2492",0.796875,"XY",2024-01-24,2024,1,2024,"S82-010",c(894085, 6433297)
"2493",0.96875,"XX",2024-01-24,2024,1,2024,"S87-127",c(893298, 6431376)
"2494",0.776041687,"XY",2024-01-24,2024,1,2024,"S86-093",c(895556, 6455430)
"2495",0.989583313,"XX",2024-01-24,2024,1,2024,"S87-083",c(931315, 6462976)
"2496",0.973958313,"XX",2024-01-24,2024,1,2024,"S88-005",c(958684, 6411782)
"2497",0.880208313,"XY",2024-01-24,2024,1,2024,"S88-093",c(948285, 6447400)
"2498",0.953125,"XY",2024-01-25,2024,1,2024,"S88-100",c(970119, 6533130)
"2499",0.947916687,"XY",2024-01-25,2024,1,2024,"S87-129",c(981255, 6479387)
"2501",1,"XY",2024-01-25,2024,1,2024,"S87-014",c(961860, 6638971)
"2503",1,"XX",2024-01-25,2024,1,2024,"S87-015",c(960898, 6638192)
"2504",0.90625,"XY",2024-01-25,2024,1,2024,"S78-042",c(936300, 6398168)
"2505",0.869791687,"XX",2024-01-25,2024,1,2024,"S87-053",c(961014, 6315848)
"2506",0.921875,"XX",2024-01-25,2024,1,2024,"S82-025",c(939152, 6316699)
"2507",1,"XY",2024-01-25,2024,1,2024,"S78-042",c(936300, 6398168)
"2508",0.850000024,"XX",2024-01-25,2024,1,2024,"S88-002",c(928295, 6436894)
"2509",0.947916687,"XX",2024-01-25,2024,1,2024,"S87-106",c(941678, 6354491)
"2510",0.920000017,"XY",2024-01-25,2024,1,2024,"S73-070",c(934392, 6445472)
"2511",0.901041687,"XX",2024-01-25,2024,1,2024,"S88-002",c(926205, 6433651)
"2512",0.71875,"XX",2024-01-25,2024,1,2024,"S75-048",c(928370, 6401515)
"2514",0.723958313,"XY",2024-01-25,2024,1,2024,"S86-070",c(981253, 6479392)
"2515",1,"XY",2024-01-25,2024,1,2024,"S86-037",c(911181, 6370296)
"2516",0.958333313,"XY",2024-01-25,2024,1,2024,"S86-001",c(877123, 6319811)
"2517",0.65625,"XY",2024-01-25,2024,1,2024,"S86-018",c(987544, 6556684)
"2518",0.796875,"XX",2024-01-25,2024,1,2024,"S60-23",c(974718, 6438785)
"2519",0.875,"XX",2024-01-25,2024,1,2024,"S78-031",c(981571, 6419596)
"2520",0.53125,"XX",2024-01-25,2024,1,2024,"S86-003",c(989130, 6555662)
"2521",0.791666687,"XY",2024-01-25,2024,1,2024,"S86-037",c(905983, 6365194)
"2522",0.734375,"XX",2024-01-25,2024,1,2024,"S86-003",c(988318, 6557333)
"2523",0.885416687,"XY",2024-01-25,2024,1,2024,"S86-018",c(988350, 6557269)
"2525",0.625,"XX",2024-01-26,2024,1,2024,"S81-116",c(998949, 6412484)
"2526",0.973958313,"XX",2024-01-26,2024,1,2024,"S65-36",c(947403, 6415652)
"2527",0.640625,"XY",2024-01-26,2024,1,2024,"S84-003",c(898938, 6396510)
"2528",0.885416687,"XX",2024-01-26,2024,1,2024,"S87-032",c(995101, 6423529)
"2529",1,"XY",2024-01-26,2024,1,2024,"S89-010",c(935386, 6436497)
"2530",1,"XX",2024-01-26,2024,1,2024,"S81-136",c(934268, 6435926)
"2531",0.739583313,"XY",2024-01-26,2024,1,2024,"S87-030",c(890572, 6341942)
"2532",0.78125,"XY",2024-01-26,2024,1,2024,"S88-080",c(998795, 6411782)
"2533",0.994791687,"XY",2024-01-26,2024,1,2024,"S86-080",c(982776, 6408210)
"2534",0.588541687,"XX",2024-01-26,2024,1,2024,"S85-016",c(988488, 6318860)
"2536",0.869791687,"XX",2024-01-27,2024,1,2024,"S88-045",c(939289, 6417849)
"2537",0.755208313,"XX",2024-01-27,2024,1,2024,"S82-039",c(861751, 6291871)
"2538",0.682291687,"XX",2024-01-27,2024,1,2024,"S87-100",c(975540, 6321369)
"2541",0.822916687,"XY",2024-01-27,2024,1,2024,"S82-081",c(939041, 6418336)
"2542",0.708333313,"XY",2024-01-29,2024,1,2024,"S74-011",c(980369, 6402141)
"2543",0.854166687,"XX",2024-01-29,2024,1,2024,"S69-53",c(996674, 6403652)
"2544",0.829999983,"XX",2024-01-29,2024,1,2024,"S87-084",c(885496, 6432377)
"2545",1,"XY",2024-01-29,2024,1,2024,"S87-082",c(920376, 6480798)
"2546",0.734375,"XX",2024-01-29,2024,1,2024,"S86-127",c(926409, 6602330)
"2547",0.932291687,"XX",2024-01-29,2024,1,2024,"S74-014",c(908986, 6352300)
"2549",0.9375,"XY",2024-01-29,2024,1,2024,"S87-109",c(927876, 6343136)
"2550",0.78125,"XY",2024-01-29,2024,1,2024,"S78-034",c(961126, 6638456)
"2551",1,"XY",2024-01-29,2024,1,2024,"S87-126",c(994429, 6236025)
"2552",0.916666687,"XX",2024-01-29,2024,1,2024,"S81-129",c(961021, 6638660)
"2553",0.953125,"XX",2024-01-29,2024,1,2024,"S77-028",c(906057, 6354228)
"2554",0.9375,"XX",2024-01-30,2024,1,2024,"S82-116",c(1030221, 6345388)
"2555",0.640625,"XX",2024-01-30,2024,1,2024,"S74-002",c(896940, 6238936)
"2556",0.927083313,"XY",2024-01-30,2024,1,2024,"S87-066",c(897602, 6239166)
"2558",0.864583313,"XX",2024-01-30,2024,1,2024,"S86-117",c(895098, 6436045)
"2559",0.96875,"XY",2024-01-30,2024,1,2024,"S87-068",c(898940, 6240546)
"2560",0.895833313,"XY",2024-01-30,2024,1,2024,"S86-081",c(898849, 6240515)
"2561",0.880208313,"XX",2024-01-30,2024,1,2024,"S80-086",c(900656, 6318545)
"2563",0.755208313,"XX",2024-01-30,2024,1,2024,"S87-024",c(895098, 6436045)
"2564",1,"XY",2024-01-30,2024,1,2024,"S87-022",c(1070260, 6336840)
"2565",0.755208313,"XY",2024-01-30,2024,1,2024,"S87-079",c(942028, 6475092)
"2567",1,"XX",2024-01-30,2024,1,2024,"S87-012",c(988472, 6527837)
"2568",0.901041687,"XY",2024-01-30,2024,1,2024,"S88-038",c(900520, 6318549)
"2569",0.848958313,"XX",2024-01-30,2024,1,2024,"S72-012",c(930355, 6336991)
"2570",1,"XX",2024-01-30,2024,1,2024,"S84-002",c(946500, 6360361)
"2571",0.920000017,"XY",2024-01-30,2024,1,2024,"S75-071",c(988357, 6527519)
"2572",1,"XX",2024-01-30,2024,1,2024,"S87-016",c(765059, 6363873)
"2573",1,"XX",2024-01-30,2024,1,2024,"S78-008",c(992721, 6346369)
"2574",0.901041687,"XX",2024-01-30,2024,1,2024,"S64-38",c(942014, 6475018)
"2575",1,"XX",2024-01-30,2024,1,2024,"S81-011",c(765216, 6363968)
"2576",0.921875,"XX",2024-01-30,2024,1,2024,"S84-033",c(975981, 6518631)
"2577",1,"XY",2024-01-30,2024,1,2024,"S87-052",c(902740, 6318702)
"2578",1,"XX",2024-01-30,2024,1,2024,"S87-124",c(765150, 6363964)
"2579",0.9375,"XY",2024-01-31,2024,1,2024,"S87-004",c(952613, 6543102)
"2580",0.994791687,"XY",2024-01-31,2024,1,2024,"S87-044",c(997412, 6372930)
"2581",0.989583313,"XX",2024-01-31,2024,1,2024,"S79-066",c(952484, 6542849)
"2583",1,"XY",2024-01-31,2024,1,2024,"S87-003",c(952484, 6542849)
"2584",1,"XY",2024-01-31,2024,1,2024,"S87-003",c(952137, 6541926)
"2585",0.939999998,"XY",2024-01-31,2024,1,2024,"S86-201",c(989579, 6529113)
"2586",0.989583313,"XY",2024-01-31,2024,1,2024,"S87-004",c(951923, 6541709)
"2587",0.96875,"XY",2024-01-31,2024,1,2024,"S78-034",c(961201, 6638303)
"2588",1,"XY",2024-01-31,2024,1,2024,"S87-014",c(961192, 6638303)
"2589",1,"XX",2024-01-31,2024,1,2024,"S87-015",c(961471, 6638379)
"2590",0.661458313,"XY",2024-01-31,2024,1,2024,"S86-025",c(892772, 6424757)
"2592",0.96875,"XY",2024-02-01,2024,2,2024,"S87-047",c(890626, 6329020)
"2594",0.864583313,"XX",2024-02-01,2024,2,2024,"S82-029",c(939245, 6362136)
"2595",0.635416687,"XX",2024-02-01,2024,2,2024,"S84-033",c(973864, 6518900)
"2596",0.807291687,"XY",2024-02-01,2024,2,2024,"S87-033",c(884561, 6377243)
"2597",0.979166687,"XX",2024-02-01,2024,2,2024,"S88-094",c(928463, 6445289)
"2598",0.822916687,"XY",2024-02-01,2024,2,2024,"S79-069",c(968311, 6515399)
"2599",0.697916687,"XX",2024-02-01,2024,2,2024,"S82-025",c(938376, 6316956)
"2600",1,"XY",2024-02-01,2024,2,2024,"S82-017",c(998931, 6359559)
"2601",0.901041687,"XY",2024-02-01,2024,2,2024,"S78-034",c(963212, 6637778)
"2602",0.526041687,"XX",2024-02-01,2024,2,2024,"S73-025",c(997947, 6347303)
"2603",0.953125,"XY",2024-02-01,2024,2,2024,"S87-022",c(1070513, 6334280)
"2604",1,"XY",2024-02-01,2024,2,2024,"S87-040",c(1017395, 6337461)
"2605",0.947916687,"XY",2024-02-01,2024,2,2024,"S87-091",c(1004319, 6312937)
"2606",0.979166687,"XY",2024-02-01,2024,2,2024,"S87-005",c(943696, 6369352)
"2607",1,"XX",2024-02-01,2024,2,2024,"S87-070",c(963891, 6402092)
"2608",0.604166687,"XX",2024-02-01,2024,2,2024,"S86-004",c(973260, 6419515)
"2609",0.765625,"XX",2024-02-01,2024,2,2024,"S85-098",c(1015756, 6357151)
"2610",1,"XX",2024-02-02,2024,2,2024,"S88-095",c(897795, 6459343)
"2611",1,"XX",2024-02-02,2024,2,2024,"S81-129",c(963228, 6637461)
"2612",0.979166687,"XY",2024-02-02,2024,2,2024,"S86-001",c(884530, 6317935)
"2613",0.911458313,"XX",2024-02-02,2024,2,2024,"S74-097",c(885034, 6317909)
"2614",0.567708313,"XY",2024-02-02,2024,2,2024,"S86-093",c(897795, 6459343)
"2615",0.53125,"XX",2024-02-02,2024,2,2024,"S87-046",c(999785, 6381129)
"2616",0.609375,"XX",2024-02-02,2024,2,2024,"S89-001",c(897795, 6459343)
"2617",0.822916687,"XX",2024-02-02,2024,2,2024,"S89-001",c(897610, 6459302)
"2618",1,"XY",2024-02-02,2024,2,2024,"S87-065",c(992908, 6241105)
"2619",1,"XX",2024-02-02,2024,2,2024,"S87-006",c(979218, 6415283)
"2620",0.895833313,"XY",2024-02-02,2024,2,2024,"S86-201",c(992336, 6536354)
"2622",1,"XY",2024-02-02,2024,2,2024,"S87-021",c(764424, 6363868)
"2623",0.645833313,"XX",2024-02-02,2024,2,2024,"S87-056",c(1006680, 6494322)
"2624",0.770833313,"XX",2024-02-02,2024,2,2024,"S87-056",c(1006698, 6494270)
"2625",0.84375,"XX",2024-02-02,2024,2,2024,"S88-037",c(1000871, 6388605)
"2626",0.875,"XX",2024-02-03,2024,2,2024,"S87-098",c(916519, 6346589)
"2627",0.713541687,"XY",2024-02-03,2024,2,2024,"S87-027",c(876537, 6431818)
"2628",0.84375,"XY",2024-02-03,2024,2,2024,"S87-102",c(956291, 6357612)
"2630",1,"XY",2024-02-03,2024,2,2024,"S87-009",c(973105, 6537308)
"2631",1,"XX",2024-02-04,2024,2,2024,"S87-125",c(764757, 6364279)
"2632",0.9375,"XX",2024-02-04,2024,2,2024,"S87-016",c(764773, 6364298)
"2633",0.970000029,"XY",2024-02-04,2024,2,2024,"S83-022",c(990326, 6482749)
"2634",0.869791687,"XX",2024-02-04,2024,2,2024,"S57-34",c(894842, 6434517)
"2635",1,"XY",2024-02-04,2024,2,2024,"S89-021",c(914237, 6332189)
"2636",0.973958313,"XX",2024-02-05,2024,2,2024,"S73-018",c(941537, 6460579)
"2637",1,"XY",2024-02-05,2024,2,2024,"S74-011",c(981826, 6407195)
"2638",0.515625,"XX",2024-02-05,2024,2,2024,"S85-098",c(1015671, 6351790)
"2639",0.984375,"XX",2024-02-05,2024,2,2024,"S87-067",c(980028, 6297198)
"2640",1,"XY",2024-02-05,2024,2,2024,"S86-084",c(968204, 6514050)
"2641",0.875,"XY",2024-02-05,2024,2,2024,"S87-087",c(959955, 6335381)
"2642",1,"XY",2024-02-05,2024,2,2024,"S57-26",c(958740, 6406091)
"2643",0.859375,"XX",2024-02-05,2024,2,2024,"S70-004",c(966871, 6405905)
"2644",1,"XX",2024-02-05,2024,2,2024,"S87-006",c(982779, 6407030)
"2645",0.895833313,"XY",2024-02-06,2024,2,2024,"S87-025",c(970394, 6460632)
"2646",0.880208313,"XY",2024-02-06,2024,2,2024,"S86-130",c(972407, 6460084)
"2647",0.963541687,"XY",2024-02-06,2024,2,2024,"S86-130",c(970792, 6460446)
"2648",1,"XY",2024-02-06,2024,2,2024,"S87-025",c(970545, 6460457)
"2649",0.958333313,"XY",2024-02-06,2024,2,2024,"S72-049",c(1007191, 6496691)
"2650",0.802083313,"XY",2024-02-06,2024,2,2024,"S86-130",c(970382, 6460464)
"2651",0.697916687,"XY",2024-02-06,2024,2,2024,"S89-013",c(921303, 6416672)
"2652",0.791666687,"XY",2024-02-06,2024,2,2024,"S87-041",c(998597, 6361638)
"2653",1,"XX",2024-02-06,2024,2,2024,"S70-004",c(958946, 6412078)
"2654",1,"XX",2024-02-06,2024,2,2024,"S87-080",c(977985, 6530660)
"2655",1,"XX",2024-02-06,2024,2,2024,"S87-077",c(921413, 6416647)
"2657",0.927083313,"XX",2024-02-06,2024,2,2024,"S87-017",c(891682, 6372790)
"2658",0.963541687,"XY",2024-02-06,2024,2,2024,"S87-009",c(967449, 6537124)
"2659",0.854166687,"XY",2024-02-06,2024,2,2024,"S87-009",c(966985, 6537615)
"2660",1,"XY",2024-02-06,2024,2,2024,"S87-093",c(971062, 6536630)
"2661",0.860000014,"XX",2024-02-06,2024,2,2024,"S81-136",c(932628, 6428048)
"2662",0.71875,"NI",2024-02-07,2024,2,2024,"S87-074",c(980667, 6255127)
"2663",0.916666687,"XY",2024-02-07,2024,2,2024,"S88-013",c(983858, 6506459)
"2665",0.958333313,"XX",2024-02-07,2024,2,2024,"S86-053",c(1025412, 6343555)
"2666",0.890625,"XX",2024-02-07,2024,2,2024,"S87-071",c(952465, 6403918)
"2667",0.776041687,"XY",2024-02-07,2024,2,2024,"S88-021",c(983085, 6506896)
"2668",0.973958313,"XX",2024-02-07,2024,2,2024,"S82-019",c(934059, 6394031)
"2669",0.911458313,"XY",2024-02-07,2024,2,2024,"S78-042",c(934054, 6394039)
"2670",0.625,"XX",2024-02-07,2024,2,2024,"S88-099",c(982530, 6507364)
"2671",0.864583313,"XY",2024-02-07,2024,2,2024,"S87-054",c(1017559, 6329408)
"2672",1,"XY",2024-02-07,2024,2,2024,"S88-013",c(986023, 6506288)
"2673",0.958333313,"XX",2024-02-08,2024,2,2024,"S87-084",c(887390, 6431175)
"2674",0.5625,"NI",2024-02-08,2024,2,2024,"S87-099",c(949160, 6326400)
"2675",0.989583313,"XY",2024-02-08,2024,2,2024,"S87-039",c(1068546, 6333139)
"2676",0.958333313,"XX",2024-02-08,2024,2,2024,"S87-062",c(967843, 6457101)
"2678",0.880208313,"XX",2024-02-08,2024,2,2024,"S86-127",c(927822, 6603545)
"2679",0.755208313,"XX",2024-02-08,2024,2,2024,"S87-096",c(927372, 6323634)
"2680",0.583333313,"XX",2024-02-08,2024,2,2024,"S74-007",c(1043728, 6345466)
"2681",0.510416687,"NI",2024-02-08,2024,2,2024,"S87-094",c(903947, 6259342)
"2682",0.970000029,"XY",2024-02-08,2024,2,2024,"S88-001",c(928339, 6486696)
"2683",0.889999986,"XY",2024-02-08,2024,2,2024,"S88-001",c(928390, 6485730)
"2684",0.802083313,"XX",2024-02-08,2024,2,2024,"S77-048",c(943740, 6620574)
"2685",0.927083313,"XX",2024-02-08,2024,2,2024,"S86-124",c(935544, 6616440)
"2686",0.875,"XY",2024-02-08,2024,2,2024,"S87-013",c(996303, 6329344)
"2687",0.697916687,"XX",2024-02-08,2024,2,2024,"S70-092",c(959675, 6483821)
"2688",0.979166687,"XY",2024-02-08,2024,2,2024,"S69-06",c(962242, 6443643)
"2689",0.822916687,"XY",2024-02-08,2024,2,2024,"S86-125",c(946948, 6623760)
"2691",0.875,"XY",2024-02-08,2024,2,2024,"S87-013",c(999497, 6331043)
"2692",0.734375,"XY",2024-02-08,2024,2,2024,"S78-075",c(1019968, 6348357)
"2693",0.864583313,"XY",2024-02-08,2024,2,2024,"S87-107",c(948386, 6326600)
"2694",0.677083313,"XY",2024-02-08,2024,2,2024,"S72-049",c(1005682, 6500035)
"2695",0.729166687,"XX",2024-02-08,2024,2,2024,"S57-44",c(1010967, 6365124)
"2696",0.864583313,"XY",2024-02-08,2024,2,2024,"S87-013",c(1000453, 6330006)
"2697",1,"XX",2024-02-08,2024,2,2024,"S87-088",c(961773, 6443997)
"2698",0.526041687,"XY",2024-02-09,2024,2,2024,"S87-057",c(966067, 6464905)
"2699",0.927083313,"XX",2024-02-09,2024,2,2024,"S67-45",c(964786, 6465640)
"2700",0.776041687,"XX",2024-02-09,2024,2,2024,"S88-042",c(931581, 6371781)
"2702",0.854166687,"XX",2024-02-09,2024,2,2024,"S81-064",c(886810, 6342622)
"2703",1,"XX",2024-02-09,2024,2,2024,"S82-002",c(931858, 6372123)
"2704",0.989583313,"XY",2024-02-09,2024,2,2024,"S87-030",c(884980, 6339373)
"2705",0.776041687,"XY",2024-02-09,2024,2,2024,"S87-030",c(884989, 6339428)
"2706",0.9375,"XX",2024-02-09,2024,2,2024,"S88-022",c(985663, 6589630)
"2708",1,"XY",2024-02-10,2024,2,2024,"S87-093",c(972695, 6535349)
"2709",0.765625,"XX",2024-02-10,2024,2,2024,"S87-112",c(951896, 6265307)
"2710",0.578125,"XY",2024-02-11,2024,2,2024,"S87-023",c(928959, 6299646)
"2711",1,"XY",2024-02-11,2024,2,2024,"S86-031",c(907312, 6348619)
"2712",0.791666687,"XY",2024-02-12,2024,2,2024,"S87-085",c(988693, 6591570)
"2713",1,"XY",2024-02-12,2024,2,2024,"S89-004",c(1009781, 6346303)
"2714",0.755208313,"XY",2024-02-12,2024,2,2024,"S88-026",c(973523, 6442419)
"2715",1,"XY",2024-02-12,2024,2,2024,"S86-200",c(971261, 6480953)
"2716",0.578125,"XX",2024-02-12,2024,2,2024,"S84-043",c(876142, 6344152)
"2717",1,"XX",2024-02-12,2024,2,2024,"S87-010",c(879300, 6346674)
"2718",0.953125,"XX",2024-02-12,2024,2,2024,"S84-043",c(879171, 6346622)
"2719",0.984375,"XX",2024-02-12,2024,2,2024,"S87-010",c(879164, 6347501)
"2720",0.890625,"XX",2024-02-12,2024,2,2024,"S87-062",c(969777, 6462180)
"2721",0.598958313,"XX",2024-02-12,2024,2,2024,"S75-066",c(969843, 6462383)
"2723",1,"XY",2024-02-12,2024,2,2024,"S89-006",c(1018012, 6352198)
"2724",1,"XY",2024-02-12,2024,2,2024,"S87-085",c(984450, 6591619)
"2725",0.6875,"XX",2024-02-12,2024,2,2024,"S84-024",c(867759, 6399386)
"2726",1,"XY",2024-02-12,2024,2,2024,"S88-088",c(867759, 6399386)
"2727",0.708333313,"XX",2024-02-12,2024,2,2024,"S87-032",c(992700, 6426710)
"2728",0.791666687,"XY",2024-02-12,2024,2,2024,"S88-036",c(989971, 6351870)
"2729",0.9375,"XX",2024-02-12,2024,2,2024,"S68-19",c(986161, 6592421)
"2730",0.609375,"XX",2024-02-12,2024,2,2024,"S77-027",c(922246, 6359567)
"2731",0.53125,"XX",2024-02-13,2024,2,2024,"S86-002",c(990316, 6481453)
"2732",1,"XY",2024-02-13,2024,2,2024,"S87-108",c(972476, 6257390)
"2733",1,"XX",2024-02-13,2024,2,2024,"S87-063",c(950987, 6275796)
"2734",1,"XY",2024-02-13,2024,2,2024,"S88-079",c(995599, 6331320)
"2735",0.526041687,"XX",2024-02-13,2024,2,2024,"S75-031",c(948223, 6373920)
"2736",1,"XX",2024-02-13,2024,2,2024,"S89-008",c(1056572, 6334972)
"2738",0.859375,"XX",2024-02-13,2024,2,2024,"S87-086",c(1013078, 6278467)
"2739",0.630208313,"XX",2024-02-13,2024,2,2024,"S88-034",c(989303, 6346700)
"2740",0.953125,"XX",2024-02-13,2024,2,2024,"S56-36",c(1005682, 6500035)
"2741",0.875,"XX",2024-02-13,2024,2,2024,"S87-051",c(988449, 6345600)
"2742",0.848958313,"XX",2024-02-13,2024,2,2024,"S89-020",c(1000300, 6327013)
"2744",0.614583313,"XX",2024-02-13,2024,2,2024,"S88-039",c(1055119, 6330816)
"2745",1,"XX",2024-02-13,2024,2,2024,"S89-011",c(892757, 6423078)
"2746",0.723958313,"XY",2024-02-13,2024,2,2024,"S86-022",c(955956, 6471665)
"2747",1,"XX",2024-02-13,2024,2,2024,"S73-049",c(985196, 6532209)
"2748",0.890625,"XX",2024-02-13,2024,2,2024,"S87-092",c(1009089, 6280704)
"2749",0.989583313,"XX",2024-02-14,2024,2,2024,"S71-031",c(1000494, 6381900)
"2750",0.994791687,"XY",2024-02-14,2024,2,2024,"S87-007",c(918859, 6418997)
"2751",0.776041687,"XX",2024-02-14,2024,2,2024,"S87-077",c(921466, 6417611)
"2752",0.984375,"XY",2024-02-14,2024,2,2024,"S87-073",c(960165, 6407946)
"2753",0.958333313,"XY",2024-02-14,2024,2,2024,"S87-072",c(973163, 6421586)
"2754",0.96875,"XY",2024-02-14,2024,2,2024,"S87-072",c(973198, 6421596)
"2755",0.802083313,"XY",2024-02-14,2024,2,2024,"S87-060",c(1003601, 6275875)
"2756",1,"XX",2024-02-14,2024,2,2024,"S75-020",c(1034069, 6323514)
"2757",0.875,"XY",2024-02-14,2024,2,2024,"S79-003",c(1001202, 6382014)
"2758",0.854166687,"XY",2024-02-14,2024,2,2024,"S81-113",c(957964, 6319078)
"2759",0.96875,"XY",2024-02-14,2024,2,2024,"S86-091",c(989991, 6324311)
"2760",0.807291687,"XY",2024-02-14,2024,2,2024,"S81-113",c(959853, 6317603)
"2761",0.8125,"XY",2024-02-14,2024,2,2024,"S88-059",c(926284, 6339286)
"2762",0.791666687,"XY",2024-02-14,2024,2,2024,"S79-003",c(1000947, 6381626)
"2763",0.927083313,"XX",2024-02-14,2024,2,2024,"S75-020",c(1034060, 6323529)
"2764",1,"XX",2024-02-14,2024,2,2024,"S88-090",c(904827, 6378570)
"2765",1,"XY",2024-02-15,2024,2,2024,"S81-031",c(998765, 6361256)
"2766",0.6875,"XX",2024-02-15,2024,2,2024,"S87-031",c(907329, 6348562)
"2767",0.911458313,"XX",2024-02-15,2024,2,2024,"S87-043",c(989236, 6358843)
"2768",0.895833313,"XX",2024-02-15,2024,2,2024,"S88-024",c(971143, 6478665)
"2770",0.546875,"XX",2024-02-15,2024,2,2024,"S87-028",c(919132, 6277097)
"2771",1,"XX",2024-02-15,2024,2,2024,"S87-028",c(918902, 6278197)
"2772",0.895833313,"XX",2024-02-15,2024,2,2024,"S80-077",c(988702, 6285778)
"2773",0.770833313,"XX",2024-02-15,2024,2,2024,"S68-17",c(889556, 6447999)
"2774",1,"XX",2024-02-15,2024,2,2024,"S88-024",c(971252, 6479552)
"2777",0.942708313,"XY",2024-02-15,2024,2,2024,"S87-019",c(889341, 6447527)
"2778",0.911458313,"XY",2024-02-15,2024,2,2024,"S86-093",c(888723, 6447144)
"2779",0.958333313,"XX",2024-02-15,2024,2,2024,"S86-087",c(952000, 6353941)
"2780",1,"XX",2024-02-15,2024,2,2024,"S87-061",c(872137, 6426568)
"2781",0.651041687,"XY",2024-02-15,2024,2,2024,"S87-055",c(903731, 6343046)
"2782",0.880208313,"XY",2024-02-15,2024,2,2024,"S87-064",c(902083, 6343705)
"2783",1,"XY",2024-02-15,2024,2,2024,"S87-020",c(907781, 6348594)
"2784",0.651041687,"XX",2024-02-15,2024,2,2024,"S88-035",c(1023729, 6338456)
"2785",1,"XY",2024-02-16,2024,2,2024,"S88-083",c(908084, 6235623)
"2786",0.505208313,"XX",2024-02-16,2024,2,2024,"S64-38",c(943894, 6477713)
"2787",0.796875,"XY",2024-02-16,2024,2,2024,"S79-003",c(995840, 6384293)
"2788",0.979166687,"XY",2024-02-16,2024,2,2024,"S87-072",c(972878, 6421549)
"2789",0.880208313,"XY",2024-02-16,2024,2,2024,"S87-018",c(933988, 6275921)
"2790",0.614583313,"XY",2024-02-16,2024,2,2024,"S79-003",c(996493, 6382922)
"2791",0.776041687,"XY",2024-02-16,2024,2,2024,"S87-079",c(941991, 6474683)
"2792",0.848958313,"XY",2024-02-16,2024,2,2024,"S87-018",c(933823, 6275979)
"2793",0.635416687,"NI",2024-02-16,2024,2,2024,"S89-028",c(984874, 6490935)
"2794",0.833333313,"XX",2024-02-16,2024,2,2024,"S87-011",c(907946, 6392070)
"2795",0.895833313,"XX",2024-02-16,2024,2,2024,"S83-102",c(962242, 6309349)
"2796",0.84375,"XX",2024-02-16,2024,2,2024,"S87-026",c(896071, 6310028)
"2797",0.765625,"XX",2024-02-16,2024,2,2024,"S87-101",c(888626, 6302295)
"2799",1,"XY",2024-02-16,2024,2,2024,"S79-003",c(995900, 6384203)
"2800",0.567708313,"XX",2024-02-16,2024,2,2024,"S86-004",c(974529, 6421621)
"2801",0.921875,"XX",2024-02-16,2024,2,2024,"S87-011",c(908877, 6392433)
"2803",0.9375,"XX",2024-02-16,2024,2,2024,"S87-026",c(896195, 6310020)
"2804",0.864583313,"XY",2024-02-17,2024,2,2024,"S88-014",c(989216, 6580924)
"2805",0.807291687,"XX",2024-02-17,2024,2,2024,"S87-012",c(989131, 6526846)
"2806",1,"XX",2024-02-17,2024,2,2024,"S89-019",c(991885, 6316615)
"2807",0.973958313,"XY",2024-02-17,2024,2,2024,"S89-026",c(876415, 6386623)
"2808",0.932291687,"XY",2024-02-17,2024,2,2024,"S88-021",c(976570, 6497772)
"2809",0.760416687,"NI",2024-02-17,2024,2,2024,"S89-029",c(989141, 6581242)
"2810",1,"XX",2024-02-17,2024,2,2024,"S88-023",c(906049, 6254868)
"2813",0.96875,"XX",2024-02-18,2024,2,2024,"S78-043",c(962038, 6443565)
"2814",0.947916687,"XY",2024-02-18,2024,2,2024,"S88-014",c(987852, 6587235)
"2815",0.994791687,"XX",2024-02-18,2024,2,2024,"S62-37",c(987930, 6587145)
"2816",1,"XX",2024-02-18,2024,2,2024,"S86-114",c(900249, 6409598)
"2817",1,"XY",2024-02-18,2024,2,2024,"S88-088",c(865076, 6399564)
"2818",0.515625,"XX",2024-02-18,2024,2,2024,"S83-046",c(971685, 6509258)
"2819",0.635416687,"XX",2024-02-18,2024,2,2024,"S88-102",c(987963, 6586912)
"2820",0.510416687,"XX",2024-02-19,2024,2,2024,"S87-031",c(907327, 6348497)
"2821",0.9375,"XX",2024-02-19,2024,2,2024,"S87-113",c(1010737, 6419919)
"2822",0.989583313,"XY",2024-02-19,2024,2,2024,"S80-041",c(1006738, 6414687)
"2823",0.989583313,"XY",2024-02-19,2024,2,2024,"S89-007",c(1040879, 6345535)
"2824",0.765625,"XX",2024-02-19,2024,2,2024,"S87-010",c(880928, 6348189)
"2825",0.588541687,"XX",2024-02-20,2024,2,2024,"S86-005",c(909402, 6297391)
"2826",0.739583313,"XX",2024-02-20,2024,2,2024,"S54-49",c(889019, 6383626)
"2827",0.515625,"XY",2024-02-20,2024,2,2024,"S86-093",c(897382, 6458590)
"2828",0.973958313,"XX",2024-02-20,2024,2,2024,"S86-121",c(935044, 6430784)
"2829",1,"XY",2024-02-20,2024,2,2024,"S88-001",c(928292, 6486702)
"2830",0.921875,"XX",2024-02-20,2024,2,2024,"S88-025",c(876240, 6301962)
"2831",0.651041687,"XX",2024-02-20,2024,2,2024,"S88-023",c(903920, 6256673)
"2832",1,"XY",2024-02-20,2024,2,2024,"S88-012",c(908448, 6397676)
"2833",0.989583313,"XY",2024-02-20,2024,2,2024,"S89-016",c(1033261, 6348451)
"2834",1,"XX",2024-02-20,2024,2,2024,"S78-031",c(976886, 6416845)
"2835",1,"XX",2024-02-20,2024,2,2024,"S86-005",c(910478, 6297015)
"2836",0.838541687,"XY",2024-02-21,2024,2,2024,"S87-054",c(1019317, 6329154)
"2837",0.78125,"XX",2024-02-21,2024,2,2024,"S83-007",c(1008160, 6336226)
"2838",1,"XY",2024-02-21,2024,2,2024,"S89-027",c(879438, 6411422)
"2839",0.71875,"NI",2024-02-21,2024,2,2024,"S87-105",c(951851, 6356164)
"2841",1,"XX",2024-02-21,2024,2,2024,"S82-109",c(999271, 6372782)
"2842",0.973958313,"XY",2024-02-21,2024,2,2024,"S87-091",c(994422, 6312772)
"2843",0.885416687,"XX",2024-02-21,2024,2,2024,"S79-105",c(995196, 6312607)
"2844",0.927083313,"XY",2024-02-21,2024,2,2024,"S87-091",c(997780, 6312684)
"2845",0.536458313,"XY",2024-02-21,2024,2,2024,"S87-091",c(997797, 6312681)
"2846",0.536458313,"XY",2024-02-21,2024,2,2024,"S88-021",c(983994, 6505583)
"2847",0.979166687,"XX",2024-02-22,2024,2,2024,"S88-032",c(1017401, 6337007)
"2848",1,"XY",2024-02-22,2024,2,2024,"S86-001",c(885034, 6317909)
"2849",0.708333313,"XY",2024-02-22,2024,2,2024,"S87-021",c(766410, 6366327)
"2850",0.994791687,"XX",2024-02-22,2024,2,2024,"S74-097",c(881743, 6321026)
"2851",1,"XX",2024-02-22,2024,2,2024,"S74-097",c(883342, 6324701)
"2852",0.921875,"XX",2024-02-22,2024,2,2024,"S80-090",c(886043, 6323774)
"2853",0.875,"XY",2024-02-23,2024,2,2024,"S87-033",c(879337, 6380771)
"2854",1,"XY",2024-02-23,2024,2,2024,"S89-012",c(974100, 6265829)
"2855",1,"XY",2024-02-23,2024,2,2024,"S87-069",c(997673, 6412174)
"2856",0.958333313,"XY",2024-02-23,2024,2,2024,"S86-079",c(918775, 6385062)
"2857",0.765625,"XY",2024-02-23,2024,2,2024,"S87-089",c(914919, 6380165)
"2858",0.666666687,"XX",2024-02-23,2024,2,2024,"S83-045",c(932826, 6381500)
"2859",0.817708313,"XY",2024-02-23,2024,2,2024,"S89-017",c(952275, 6264598)
"2860",0.96875,"XX",2024-02-23,2024,2,2024,"S87-017",c(890505, 6385519)
"2861",0.911458313,"XX",2024-02-24,2024,2,2024,"S86-129",c(1000888, 6473089)
"2862",0.989583313,"XY",2024-02-24,2024,2,2024,"S86-134",c(999751, 6472745)
"2863",0.989583313,"XX",2024-02-24,2024,2,2024,"S87-011",c(908271, 6392653)
"2864",0.5625,"XX",2024-02-24,2024,2,2024,"S87-011",c(908208, 6392740)
"2865",0.635416687,"XY",2024-02-24,2024,2,2024,"S85-019",c(899322, 6320641)
"2866",0.984375,"XY",2024-02-24,2024,2,2024,"S86-134",c(1000286, 6472736)
"2867",0.916666687,"XY",2024-02-24,2024,2,2024,"S82-125",c(1075094, 6339195)
"2868",0.755208313,"XY",2024-02-25,2024,2,2024,"S87-029",c(953706, 6486790)
"2869",0.958333313,"XX",2024-02-25,2024,2,2024,"S89-002",c(953708, 6486590)
"2870",1,"XX",2024-02-25,2024,2,2024,"S88-072",c(959745, 6334295)
"2871",0.817708313,"XY",2024-02-25,2024,2,2024,"S87-029",c(953729, 6486547)
"2873",0.557291687,"XY",2024-02-25,2024,2,2024,"S87-128",c(953723, 6486810)
"2874",0.604166687,"XY",2024-02-25,2024,2,2024,"S88-049",c(940565, 6456063)
"2875",0.71875,"XY",2024-02-25,2024,2,2024,"S87-029",c(953739, 6486833)
"2876",0.703125,"XX",2024-02-26,2024,2,2024,"S88-017",c(878223, 6374710)
"2878",0.979166687,"XX",2024-02-27,2024,2,2024,"S86-054",c(981661, 6314630)
"2880",1,"XX",2024-02-27,2024,2,2024,"S82-113",c(1008057, 6377769)
"2881",0.994791687,"XY",2024-02-27,2024,2,2024,"S87-035",c(933239, 6249101)
"2882",0.71875,"XY",2024-02-27,2024,2,2024,"S58-02",c(937665, 6250612)
"2883",0.526041687,"XY",2024-02-27,2024,2,2024,"S87-059",c(938562, 6250519)
"2884",0.984375,"XY",2024-02-27,2024,2,2024,"S87-002",c(849878, 6398816)
"2885",0.916666687,"XY",2024-02-27,2024,2,2024,"S58-02",c(936271, 6250042)
"2886",1,"XX",2024-02-27,2024,2,2024,"S86-196",c(844164, 6392509)
"2888",0.9375,"XX",2024-02-27,2024,2,2024,"S87-012",c(992001, 6536286)
"2889",0.625,"XX",2024-02-27,2024,2,2024,"S81-136",c(928910, 6428215)
"2890",0.588541687,"XX",2024-02-28,2024,2,2024,"S62-22",c(988999, 6301524)
"2891",1,"XX",2024-02-28,2024,2,2024,"S79-067",c(928448, 6486631)
"2892",0.588541687,"XY",2024-02-28,2024,2,2024,"S88-086",c(892924, 6406448)
"2893",0.635416687,"NI",2024-02-28,2024,2,2024,"S89-022",c(988483, 6301653)
"2894",1,"XX",2024-02-28,2024,2,2024,"S87-117",c(1046568, 6338075)
"2895",0.979166687,"XX",2024-02-28,2024,2,2024,"S86-054",c(987184, 6300285)
"2896",0.600000024,"NI",2024-02-28,2024,2,2024,"S88-068",c(900096, 6318389)
"2897",0.8125,"XY",2024-02-28,2024,2,2024,"S80-046",c(934127, 6244874)
"2898",0.921875,"XX",2024-02-28,2024,2,2024,"S60-23",c(970550, 6443896)
"2899",0.984375,"XY",2024-02-28,2024,2,2024,"S87-059",c(925970, 6252264)
"2900",0.927083313,"XY",2024-02-28,2024,2,2024,"S88-013",c(981892, 6503075)
"2901",0.947916687,"XY",2024-02-28,2024,2,2024,"S89-024",c(950448, 6300265)
"2903",0.953125,"XY",2024-02-28,2024,2,2024,"S88-063",c(950403, 6300097)
"2904",0.661458313,"XY",2024-02-28,2024,2,2024,"S88-053",c(923396, 6252763)
"2905",0.645833313,"XY",2024-02-28,2024,2,2024,"S80-046",c(937848, 6241781)
"2906",0.567708313,"XX",2024-02-28,2024,2,2024,"S70-074",c(849413, 6397603)
"2907",0.723958313,"XX",2024-02-29,2024,2,2024,"S88-015",c(991214, 6277417)
"2908",1,"XX",2024-02-29,2024,2,2024,"S88-004",c(973927, 6391567)
"2910",0.947916687,"XX",2024-02-29,2024,2,2024,"S78-037",c(905887, 6389781)
"2912",0.96875,"XX",2024-02-29,2024,2,2024,"S80-061",c(868467, 6373287)
"2916",0.75,"XX",2024-02-29,2024,2,2024,"S88-015",c(991302, 6277412)
"2918",0.71875,"XX",2024-02-29,2024,2,2024,"S88-015",c(990604, 6277311)
"2919",0.949999988,"XX",2024-02-29,2024,2,2024,"S73-057",c(945423, 6253948)
"2920",0.53125,"XX",2024-02-29,2024,2,2024,"S88-027",c(948530, 6257601)
"2921",0.765625,"XX",2024-02-29,2024,2,2024,"S72-041",c(930597, 6422263)
"2922",1,"XY",2024-02-29,2024,2,2024,"S87-079",c(940667, 6477098)
"2923",0.510416687,"XX",2024-02-29,2024,2,2024,"S82-078",c(920118, 6349415)
"2924",0.833333313,"XY",2024-02-29,2024,2,2024,"S58-61",c(908935, 6412605)
"2925",0.870000005,"XY",2024-02-29,2024,2,2024,"S58-61",c(908924, 6412630)
"2926",0.829999983,"XX",2024-02-29,2024,2,2024,"S88-015",c(992139, 6277849)
"2927",0.973958313,"XX",2024-03-01,2024,3,2024,"S73-012",c(978553, 6516498)
"2928",0.885416687,"XX",2024-03-01,2024,3,2024,"S73-025",c(1000718, 6342501)
"2930",0.901041687,"XX",2024-03-01,2024,3,2024,"S73-025",c(1000923, 6342463)
"2932",0.911458313,"XY",2024-03-02,2024,3,2024,"S86-125",c(947341, 6629719)
"2933",0.682291687,"XX",2024-03-04,2024,3,2024,"S86-039",c(918449, 6288526)
"2934",0.5625,"NI",2024-03-04,2024,3,2024,"S88-054",c(861869, 6375342)
"2936",0.916666687,"XY",2024-03-04,2024,3,2024,"S80-015",c(757182, 6398094)
"2938",0.739583313,"XX",2024-03-05,2024,3,2024,"S87-090",c(905263, 6279200)
"2939",1,"XY",2024-03-05,2024,3,2024,"S86-085",c(976319, 6437398)
"2940",0.920000017,"XY",2024-03-05,2024,3,2024,"S86-111",c(878710, 6364537)
"2941",0.916666687,"XX",2024-03-05,2024,3,2024,"S83-069",c(885304, 6432346)
"2942",0.96875,"XX",2024-03-05,2024,3,2024,"S88-051",c(907922, 6450361)
"2943",1,"XX",2024-03-05,2024,3,2024,"S83-069",c(885196, 6432409)
"2945",0.59375,"XY",2024-03-05,2024,3,2024,"S87-034",c(885304, 6432226)
"2946",0.90625,"XX",2024-03-05,2024,3,2024,"S80-013",c(940218, 6427487)
"2947",1,"XY",2024-03-05,2024,3,2024,"S61-05",c(975370, 6358057)
"2948",0.911458313,"NI",2024-03-05,2024,3,2024,"S89-025",c(973813, 6357161)
"2949",0.75,"XX",2024-03-05,2024,3,2024,"S86-039",c(917884, 6286631)
"2950",0.895833313,"XX",2024-03-05,2024,3,2024,"S81-106",c(974851, 6356945)
"2951",1,"XX",2024-03-05,2024,3,2024,"S81-106",c(973776, 6356658)
"2952",0.859375,"XX",2024-03-05,2024,3,2024,"S89-002",c(953992, 6488147)
"2953",1,"XX",2024-03-05,2024,3,2024,"S81-106",c(973809, 6357111)
"2955",0.604166687,"XY",2024-03-05,2024,3,2024,"S88-086",c(896287, 6406020)
"2956",0.970000029,"XY",2024-03-05,2024,3,2024,"S88-041",c(898961, 6403152)
"2958",1,"XX",2024-03-05,2024,3,2024,"S88-066",c(945014, 6274259)
"2959",0.895833313,"XX",2024-03-05,2024,3,2024,"S81-106",c(973825, 6356215)
"2960",0.78125,"XY",2024-03-06,2024,3,2024,"S85-034",c(956123, 6293643)
"2962",0.980000019,"XY",2024-03-06,2024,3,2024,"S85-034",c(957176, 6290261)
"2964",0.713541687,"XX",2024-03-06,2024,3,2024,"S78-081",c(927401, 6392369)
"2966",0.953125,"XY",2024-03-06,2024,3,2024,"S87-115",c(906432, 6279008)
"2967",0.895833313,"XY",2024-03-06,2024,3,2024,"S78-075",c(1024248, 6350095)
"2968",0.953125,"XY",2024-03-06,2024,3,2024,"S83-068",c(968491, 6345082)
"2969",0.864583313,"NI",2024-03-06,2024,3,2024,"S88-074",c(972112, 6343422)
"2970",1,"XX",2024-03-06,2024,3,2024,"S88-096",c(744743, 6402573)
"2971",0.838541687,"XY",2024-03-06,2024,3,2024,"S88-073",c(972177, 6344497)
"2972",1,"XY",2024-03-06,2024,3,2024,"S88-020",c(710446, 6385560)
"2973",1,"XX",2024-03-06,2024,3,2024,"S86-039",c(911678, 6280065)
"2974",1,"XX",2024-03-07,2024,3,2024,"S70-004",c(966248, 6405230)
"2977",0.96875,"XX",2024-03-07,2024,3,2024,"S88-006",c(874430, 6378269)
"2978",0.989583313,"XX",2024-03-07,2024,3,2024,"S88-006",c(874540, 6378467)
"2979",1,"XX",2024-03-07,2024,3,2024,"S86-151",c(925959, 6324740)
"2980",0.796875,"XX",2024-03-07,2024,3,2024,"S84-024",c(867197, 6397809)
"2981",0.869791687,"XY",2024-03-07,2024,3,2024,"S80-091",c(926839, 6324083)
"2982",0.796875,"XX",2024-03-07,2024,3,2024,"S86-151",c(926842, 6324095)
"2983",1,"XX",2024-03-07,2024,3,2024,"S62-37",c(992415, 6582490)
"2984",1,"XX",2024-03-07,2024,3,2024,"S78-001",c(916333, 6277440)
"2985",1,"XY",2024-03-07,2024,3,2024,"S89-014",c(966229, 6405194)
"2986",1,"XX",2024-03-07,2024,3,2024,"S89-015",c(1072131, 6346148)
"2987",1,"XY",2024-03-07,2024,3,2024,"S88-055",c(1072262, 6346219)
"2988",0.8125,"XY",2024-03-07,2024,3,2024,"S87-116",c(917357, 6290552)
"2989",0.953125,"XY",2024-03-08,2024,3,2024,"S82-063",c(965185, 6266781)
"2990",0.692708313,"XX",2024-03-08,2024,3,2024,"S88-075",c(960471, 6330748)
"2991",0.84375,"XY",2024-03-08,2024,3,2024,"S81-131",c(974997, 6331415)
"2992",0.53125,"XY",2024-03-08,2024,3,2024,"S83-022",c(989499, 6478379)
"2993",0.526041687,"XY",2024-03-09,2024,3,2024,"S86-031",c(906195, 6349582)
"2994",0.541666687,"XY",2024-03-09,2024,3,2024,"S87-020",c(906195, 6349582)
"2995",0.889999986,"XX",2024-03-10,2024,3,2024,"S88-003",c(928886, 6454968)
"2996",0.666666687,"XX",2024-03-10,2024,3,2024,"S87-015",c(961330, 6638744)
"2997",0.949999988,"XY",2024-03-10,2024,3,2024,"S74-072",c(893555, 6342985)
"2998",0.921875,"XX",2024-03-10,2024,3,2024,"S72-022",c(959933, 6335182)
"2999",0.921875,"XY",2024-03-10,2024,3,2024,"S88-050",c(980977, 6418653)
"3000",0.980000019,"XX",2024-03-10,2024,3,2024,"S88-003",c(928066, 6453938)
"3001",0.953125,"XY",2024-03-11,2024,3,2024,"S87-129",c(981320, 6480370)
"3002",0.958333313,"XX",2024-03-11,2024,3,2024,"S87-130",c(981297, 6480366)
"3004",0.78125,"XX",2024-03-11,2024,3,2024,"S80-090",c(893056, 6330093)
"3005",0.994791687,"XY",2024-03-11,2024,3,2024,"S88-078",c(979121, 6308767)
"3006",0.870000005,"XY",2024-03-12,2024,3,2024,"S69-42",c(948998, 6247601)
"3007",0.723958313,"XX",2024-03-12,2024,3,2024,"S83-090",c(946950, 6247263)
"3008",0.963541687,"XY",2024-03-12,2024,3,2024,"S78-046",c(962602, 6287453)
"3009",0.682291687,"XX",2024-03-12,2024,3,2024,"S87-043",c(990258, 6364739)
"3010",0.822916687,"XY",2024-03-12,2024,3,2024,"S82-032",c(905576, 6378480)
"3011",1,"XY",2024-03-12,2024,3,2024,"S82-032",c(905509, 6378566)
"3013",0.572916687,"XY",2024-03-12,2024,3,2024,"S79-006",c(988760, 6365014)
"3014",0.980000019,"XY",2024-03-12,2024,3,2024,"S88-065",c(944464, 6246268)
"3015",0.536458313,"XY",2024-03-12,2024,3,2024,"S79-006",c(990163, 6364661)
"3016",0.979166687,"XX",2024-03-12,2024,3,2024,"S87-043",c(989407, 6364847)
"3017",0.588541687,"XX",2024-03-12,2024,3,2024,"S81-035",c(979750, 6372998)
"3018",0.979166687,"XX",2024-03-12,2024,3,2024,"S88-031",c(958710, 6373120)
"3019",0.939999998,"XX",2024-03-12,2024,3,2024,"S88-008",c(947162, 6247377)
"3020",0.895833313,"XY",2024-03-12,2024,3,2024,"S79-024",c(958742, 6373447)
"3021",1,"XX",2024-03-12,2024,3,2024,"S79-044",c(972223, 6386051)
"3022",0.973958313,"XY",2024-03-13,2024,3,2024,"S89-023",c(902467, 6305628)
"3023",0.869791687,"XX",2024-03-13,2024,3,2024,"S75-048",c(928084, 6414401)
"3024",0.947916687,"XY",2024-03-13,2024,3,2024,"S88-092",c(900459, 6408278)
"3025",0.864583313,"XY",2024-03-13,2024,3,2024,"S86-025",c(900365, 6408753)
"3027",0.625,"XY",2024-03-13,2024,3,2024,"S88-098",c(928084, 6414401)
"3028",0.895833313,"XX",2024-03-13,2024,3,2024,"S70-004",c(957012, 6396991)
"3029",0.540000021,"XX",2024-03-14,2024,3,2024,"S88-069",c(990808, 6586132)
"3031",0.979166687,"XY",2024-03-14,2024,3,2024,"S88-009",c(975850, 6537043)
"3032",0.619791687,"XY",2024-03-14,2024,3,2024,"S79-003",c(997919, 6377574)
"3033",0.942708313,"XX",2024-03-14,2024,3,2024,"S71-031",c(997974, 6377932)
"3034",0.989583313,"XY",2024-03-14,2024,3,2024,"S88-028",c(904545, 6339411)
"3035",0.889999986,"XY",2024-03-15,2024,3,2024,"S88-044",c(905549, 6446078)
"3037",0.649999976,"XX",2024-03-16,2024,3,2024,"S88-022",c(991437, 6592721)
"3038",0.75999999,"XX",2024-03-16,2024,3,2024,"S86-002",c(994252, 6490728)
"3039",0.916666687,"XY",2024-03-16,2024,3,2024,"S65-23",c(974624, 6321318)
"3040",0.625,"XX",2024-03-16,2024,3,2024,"S84-024",c(865072, 6399636)
"3041",1,"XY",2024-03-16,2024,3,2024,"S87-002",c(865064, 6399568)
"3042",0.697916687,"NI",2024-03-17,2024,3,2024,"S88-076",c(957492, 6346203)
"3043",0.579999983,"XX",2024-03-17,2024,3,2024,"S79-067",c(918919, 6475573)
"3044",0.984375,"XX",2024-03-17,2024,3,2024,"S88-052",c(998577, 6360904)
"3045",1,"XX",2024-03-17,2024,3,2024,"S79-067",c(916920, 6475606)
"3046",0.760416687,"XY",2024-03-18,2024,3,2024,"S84-003",c(898460, 6395530)
"3047",0.71875,"XY",2024-03-18,2024,3,2024,"S88-012",c(899217, 6396264)
"3048",0.947916687,"XY",2024-03-18,2024,3,2024,"S88-058",c(993006, 6399897)
"3049",0.828125,"XX",2024-03-18,2024,3,2024,"S78-005",c(979751, 6242546)
"3050",0.989583313,"XX",2024-03-18,2024,3,2024,"S88-033",c(1002199, 6391545)
"3051",0.979166687,"XX",2024-03-18,2024,3,2024,"S88-087",c(897902, 6394919)
"3052",0.96875,"XX",2024-03-18,2024,3,2024,"S88-007",c(982629, 6416895)
"3053",0.989583313,"XY",2024-03-18,2024,3,2024,"S88-057",c(992455, 6400073)
"3054",0.75,"XX",2024-03-18,2024,3,2024,"S69-53",c(993383, 6399674)
"3056",1,"XX",2024-03-18,2024,3,2024,"S88-007",c(981931, 6415333)
"3057",0.810000002,"XX",2024-03-19,2024,3,2024,"S88-025",c(878161, 6299009)
"3058",1,"XY",2024-03-19,2024,3,2024,"S88-097",c(764682, 6365115)
"3059",0.639999986,"XX",2024-03-19,2024,3,2024,"S75-077",c(879690, 6299080)
"3061",0.979166687,"XX",2024-03-19,2024,3,2024,"S88-067",c(991671, 6308272)
"3062",0.588541687,"XY",2024-03-19,2024,3,2024,"S84-003",c(910793, 6400621)
"3063",0.96875,"XX",2024-03-19,2024,3,2024,"S86-087",c(944531, 6350256)
"3064",0.989583313,"XX",2024-03-19,2024,3,2024,"S86-087",c(945077, 6350800)
"3065",0.588541687,"XY",2024-03-19,2024,3,2024,"S88-104",c(1002608, 6546592)
"3066",0.895833313,"XY",2024-03-19,2024,3,2024,"S87-037",c(999550, 6348955)
"3067",0.880208313,"XY",2024-03-19,2024,3,2024,"S61-25",c(991989, 6307799)
"3068",0.979166687,"XX",2024-03-19,2024,3,2024,"S87-110",c(1009387, 6346448)
"3069",0.640625,"XX",2024-03-20,2024,3,2024,"S72-012",c(929169, 6338969)
"3070",0.864583313,"XX",2024-03-20,2024,3,2024,"S83-044",c(914682, 6375453)
"3071",0.609375,"XX",2024-03-20,2024,3,2024,"S54-49",c(881818, 6394959)
"3072",0.869791687,"XY",2024-03-20,2024,3,2024,"S80-001",c(929155, 6338959)
"3073",0.838541687,"XY",2024-03-20,2024,3,2024,"S78-030",c(965018, 6396806)
"3074",0.645833313,"XX",2024-03-20,2024,3,2024,"S88-081",c(999296, 6409046)
"3075",1,"XY",2024-03-20,2024,3,2024,"S61-25",c(976810, 6312459)
"3076",1,"XY",2024-03-20,2024,3,2024,"S88-078",c(977259, 6313510)
"3077",1,"XX",2024-03-20,2024,3,2024,"S85-099",c(1007820, 6355002)
"3078",0.671875,"XX",2024-03-20,2024,3,2024,"S77-027",c(914858, 6368547)
"3079",1,"XY",2024-03-20,2024,3,2024,"S79-002",c(998437, 6372629)
"3080",0.958333313,"XX",2024-03-20,2024,3,2024,"S88-004",c(965035, 6396688)
"3081",0.730000019,"XX",2024-03-20,2024,3,2024,"S88-018",c(971401, 6543597)
"3082",0.729166687,"XY",2024-03-20,2024,3,2024,"S88-077",c(971986, 6340387)
"3083",0.932291687,"XY",2024-03-20,2024,3,2024,"S77-047",c(934029, 6336993)
"3084",0.729166687,"XX",2024-03-20,2024,3,2024,"S83-100",c(971986, 6340387)
"3085",0.744791687,"XX",2024-03-20,2024,3,2024,"S72-012",c(934018, 6336956)
"3086",0.932291687,"XY",2024-03-20,2024,3,2024,"S88-103",c(971433, 6543626)
"3087",0.854166687,"XY",2024-03-21,2024,3,2024,"S88-009",c(970058, 6533121)
"3088",1,"XY",2024-03-21,2024,3,2024,"S88-009",c(968638, 6533398)
"3089",0.510416687,"XY",2024-03-21,2024,3,2024,"S88-101",c(968482, 6533215)
"3090",0.769999981,"XX",2024-03-21,2024,3,2024,"S88-018",c(973276, 6553421)
"3093",0.927083313,"XY",2024-03-21,2024,3,2024,"S88-088",c(867203, 6397779)
"3094",0.609375,"XY",2024-03-21,2024,3,2024,"S88-060",c(981970, 6415108)
"3095",0.723958313,"XX",2024-03-21,2024,3,2024,"S80-063",c(842944, 6375603)
"3096",0.916666687,"XX",2024-03-21,2024,3,2024,"S81-134",c(889598, 6440464)
"3097",0.723958313,"XY",2024-03-21,2024,3,2024,"S89-003",c(929083, 6394229)
"3098",1,"XY",2024-03-22,2024,3,2024,"S88-082",c(1011303, 6422590)
"3099",0.973958313,"XY",2024-03-22,2024,3,2024,"S88-030",c(932581, 6241074)
"3100",0.666666687,"XY",2024-03-22,2024,3,2024,"S78-042",c(931793, 6393032)
"3101",0.625,"XY",2024-03-22,2024,3,2024,"S78-034",c(960726, 6638988)
"3102",0.708333313,"XX",2024-03-22,2024,3,2024,"S79-035",c(966313, 6355689)
"3103",0.765625,"XX",2024-03-22,2024,3,2024,"S79-035",c(968825, 6353011)
"3104",0.958333313,"XY",2024-03-22,2024,3,2024,"S88-103",c(972079, 6552074)
"3105",0.989583313,"XX",2024-03-23,2024,3,2024,"S66-09",c(1065228, 6345944)
"3106",0.53125,"XY",2024-03-23,2024,3,2024,"S86-118",c(930426, 6422669)
"3109",0.984375,"XY",2024-03-23,2024,3,2024,"S83-001",c(1009871, 6379895)
"3110",0.947916687,"XX",2024-03-24,2024,3,2024,"S78-082",c(1035044, 6337264)
"3111",0.885416687,"XX",2024-03-24,2024,3,2024,"S88-019",c(984070, 6331033)
"3112",0.854166687,"XX",2024-03-24,2024,3,2024,"S75-048",c(926605, 6414506)
"3113",0.734375,"XY",2024-03-25,2024,3,2024,"S86-018",c(987315, 6556259)
"3114",0.96875,"XX",2024-03-25,2024,3,2024,"S57-44",c(1011286, 6363800)
"3115",0.979166687,"XX",2024-03-25,2024,3,2024,"S70-004",c(966952, 6405610)
"3116",0.947916687,"XX",2024-03-25,2024,3,2024,"S57-44",c(1011775, 6364144)
"3117",0.619791687,"XX",2024-03-25,2024,3,2024,"S57-44",c(1009312, 6362334)
"3118",0.854166687,"XY",2024-03-25,2024,3,2024,"S88-061",c(948535, 6407701)
"3119",0.994791687,"XY",2024-03-25,2024,3,2024,"S88-048",c(966818, 6406053)
"3120",0.927083313,"XY",2024-03-25,2024,3,2024,"S86-024",c(944030, 6334793)
"3121",0.875,"XY",2024-03-25,2024,3,2024,"S83-031",c(979766, 6366885)
"3122",0.859375,"XX",2024-03-25,2024,3,2024,"S88-029",c(979948, 6366617)
"3123",1,"XX",2024-03-25,2024,3,2024,"S79-067",c(922311, 6480074)
"3124",0.994791687,"XY",2024-03-25,2024,3,2024,"S88-026",c(980114, 6435498)
"3125",0.6875,"XY",2024-03-26,2024,3,2024,"S88-010",c(969052, 6338241)
"3126",0.505208313,"XY",2024-03-26,2024,3,2024,"S88-010",c(969267, 6337866)
"3127",0.639999986,"XY",2024-03-26,2024,3,2024,"S73-073",c(941529, 6529018)
"3129",0.755208313,"XY",2024-03-26,2024,3,2024,"S87-129",c(975017, 6486807)
"3130",0.963541687,"XX",2024-03-26,2024,3,2024,"S83-100",c(969458, 6338404)
"3131",1,"XX",2024-03-26,2024,3,2024,"S83-100",c(969479, 6338395)
"3132",0.973958313,"XY",2024-03-26,2024,3,2024,"S88-010",c(969322, 6338338)
"3133",0.802083313,"XX",2024-03-26,2024,3,2024,"S87-090",c(903799, 6279835)
"3135",1,"XX",2024-03-26,2024,3,2024,"S79-067",c(921582, 6482928)
"3136",1,"XY",2024-03-26,2024,3,2024,"S88-089",c(880963, 6414362)
"3137",0.567708313,"XY",2024-03-26,2024,3,2024,"S72-043",c(906811, 6281281)
"3138",0.949999988,"XY",2024-03-27,2024,3,2024,"S88-043",c(876707, 6375230)
"3139",0.994791687,"XX",2024-03-27,2024,3,2024,"S88-016",c(925350, 6401491)
"3140",0.927083313,"XY",2024-03-28,2024,3,2024,"S87-078",c(926825, 6414905)
"3141",1,"XY",2024-03-28,2024,3,2024,"S88-064",c(906965, 6281142)
"3142",1,"XX",2024-03-28,2024,3,2024,"S88-017",c(876917, 6375861)
"3143",0.604166687,"XY",2024-03-29,2024,3,2024,"S57-26",c(960011, 6412409)
"3144",1,"XY",2024-03-29,2024,3,2024,"S75-065",c(976379, 6437456)
"3145",0.8125,"XX",2024-03-30,2024,3,2024,"S82-023",c(977954, 6339065)
"3146",0.822916687,"XY",2024-03-30,2024,3,2024,"S79-103",c(871631, 6455606)
"3147",1,"XY",2024-03-30,2024,3,2024,"S86-132",c(995474, 6500346)
"3148",0.989583313,"XX",2024-03-30,2024,3,2024,"S88-019",c(986372, 6329179)
"3149",0.916666687,"XX",2024-03-30,2024,3,2024,"S78-031",c(980486, 6416685)
"3150",0.59375,"XY",2024-03-31,2024,3,2024,"S87-029",c(954005, 6494754)
"3151",1,"XY",2024-03-31,2024,3,2024,"S88-084",c(885443, 6290586)
"3152",0.958333313,"XY",2024-03-31,2024,3,2024,"S88-091",c(904310, 6395553)
"3153",1,"XX",2024-03-31,2024,3,2024,"S75-059",c(885116, 6396671)
